timestamp,payload
2026-06-30T17:17:39.930795,"{""temp"":26.9,""humidity"":51.1,""pressure"":1016.6,""state"":""IDLE"",""faults"":0}"
2026-06-30T17:17:40.930369,"{""temp"":26.9,""humidity"":51.1,""pressure"":1016.6,""state"":""IDLE"",""faults"":0}"
2026-06-30T17:17:41.930625,"{""temp"":26.9,""humidity"":51.1,""pressure"":1016.6,""state"":""IDLE"",""faults"":0}"
2026-06-30T17:17:42.947319,"{""temp"":26.9,""humidity"":51.1,""pressure"":1016.5,""state"":""IDLE"",""faults"":0}"
2026-06-30T17:17:44.023364,"{""temp"":26.9,""humidity"":51.1,""pressure"":1016.6,""state"":""IDLE"",""faults"":0}"
2026-06-30T17:17:44.953020,"{""temp"":26.9,""humidity"":51.1,""pressure"":1016.6,""state"":""IDLE"",""faults"":0}"
2026-06-30T17:17:45.994897,"{""temp"":26.9,""humidity"":51.0,""pressure"":1016.6,""state"":""IDLE"",""faults"":0}"
2026-06-30T17:17:46.952186,"{""temp"":26.9,""humidity"":51.0,""pressure"":1016.6,""state"":""IDLE"",""faults"":0}"
2026-06-30T17:17:47.957237,"{""temp"":26.9,""humidity"":51.0,""pressure"":1016.6,""state"":""IDLE"",""faults"":0}"
2026-06-30T17:17:48.951693,"{""temp"":26.9,""humidity"":51.0,""pressure"":1016.6,""state"":""IDLE"",""faults"":0}"
2026-06-30T17:17:49.950825,"{""temp"":26.9,""humidity"":51.0,""pressure"":1016.6,""state"":""IDLE"",""faults"":0}"
2026-06-30T17:17:50.968487,"{""temp"":26.9,""humidity"":51.0,""pressure"":1016.6,""state"":""IDLE"",""faults"":0}"
2026-06-30T17:17:51.949429,"{""temp"":26.9,""humidity"":51.0,""pressure"":1016.6,""state"":""IDLE"",""faults"":0}"
2026-06-30T17:17:52.949180,"{""temp"":26.9,""humidity"":51.0,""pressure"":1016.6,""state"":""IDLE"",""faults"":0}"
2026-06-30T17:17:53.949198,"{""temp"":26.9,""humidity"":51.0,""pressure"":1016.6,""state"":""IDLE"",""faults"":0}"
2026-06-30T17:17:54.949277,"{""temp"":26.9,""humidity"":51.0,""pressure"":1016.6,""state"":""IDLE"",""faults"":0}"
2026-06-30T17:17:55.949558,"{""temp"":26.9,""humidity"":51.0,""pressure"":1016.6,""state"":""IDLE"",""faults"":0}"
2026-06-30T17:17:56.937869,"{""temp"":26.9,""humidity"":51.0,""pressure"":1016.6,""state"":""IDLE"",""faults"":0}"
2026-06-30T17:17:57.956351,"{""temp"":26.9,""humidity"":51.0,""pressure"":1016.6,""state"":""IDLE"",""faults"":0}"
2026-06-30T17:17:58.950049,"{""temp"":26.9,""humidity"":51.0,""pressure"":1016.6,""state"":""IDLE"",""faults"":0}"
2026-06-30T17:17:59.941841,"{""temp"":26.9,""humidity"":51.1,""pressure"":1016.6,""state"":""IDLE"",""faults"":0}"
2026-06-30T17:18:00.950185,"{""temp"":26.9,""humidity"":51.0,""pressure"":1016.6,""state"":""IDLE"",""faults"":0}"
2026-06-30T17:18:01.950086,"{""temp"":26.9,""humidity"":51.0,""pressure"":1016.5,""state"":""IDLE"",""faults"":0}"
2026-06-30T17:19:22.989066,"{""temp"":27.0,""humidity"":50.9,""pressure"":1016.6,""state"":""IDLE"",""faults"":0}"
2026-06-30T17:19:23.992465,"{""temp"":27.0,""humidity"":50.9,""pressure"":1016.5,""state"":""IDLE"",""faults"":0}"
2026-06-30T17:19:24.989143,"{""temp"":27.0,""humidity"":50.9,""pressure"":1016.6,""state"":""IDLE"",""faults"":0}"
2026-06-30T17:19:25.991307,"{""temp"":27.0,""humidity"":50.9,""pressure"":1016.6,""state"":""IDLE"",""faults"":0}"
2026-06-30T17:19:27.005578,"{""temp"":27.0,""humidity"":50.9,""pressure"":1016.5,""state"":""IDLE"",""faults"":0}"
2026-06-30T17:19:28.001066,"{""temp"":27.0,""humidity"":50.9,""pressure"":1016.5,""state"":""IDLE"",""faults"":0}"
2026-06-30T17:19:29.009463,"{""temp"":27.0,""humidity"":50.9,""pressure"":1016.6,""state"":""IDLE"",""faults"":0}"
2026-06-30T17:19:30.009067,"{""temp"":27.0,""humidity"":50.8,""pressure"":1016.6,""state"":""IDLE"",""faults"":0}"
2026-06-30T17:19:31.009950,"{""temp"":27.0,""humidity"":50.8,""pressure"":1016.6,""state"":""IDLE"",""faults"":0}"
2026-06-30T17:19:32.009625,"{""temp"":27.0,""humidity"":50.8,""pressure"":1016.5,""state"":""IDLE"",""faults"":0}"
2026-06-30T17:19:33.026412,"{""temp"":27.0,""humidity"":50.9,""pressure"":1016.5,""state"":""IDLE"",""faults"":0}"
2026-06-30T17:19:34.040008,"{""temp"":27.1,""humidity"":50.8,""pressure"":1016.5,""state"":""IDLE"",""faults"":0}"
2026-06-30T17:19:35.009986,"{""temp"":27.1,""humidity"":50.8,""pressure"":1016.5,""state"":""IDLE"",""faults"":0}"
2026-06-30T17:19:36.019989,"{""temp"":27.1,""humidity"":50.8,""pressure"":1016.5,""state"":""IDLE"",""faults"":0}"
2026-06-30T17:19:37.020292,"{""temp"":27.1,""humidity"":50.7,""pressure"":1016.5,""state"":""IDLE"",""faults"":0}"
2026-06-30T17:19:38.022127,"{""temp"":27.1,""humidity"":50.7,""pressure"":1016.5,""state"":""IDLE"",""faults"":0}"
2026-06-30T17:19:39.020734,"{""temp"":27.1,""humidity"":50.7,""pressure"":1016.5,""state"":""IDLE"",""faults"":0}"
2026-06-30T17:19:40.047473,"{""temp"":27.1,""humidity"":50.7,""pressure"":1016.5,""state"":""IDLE"",""faults"":0}"
2026-06-30T17:19:41.019964,"{""temp"":27.1,""humidity"":50.7,""pressure"":1016.6,""state"":""IDLE"",""faults"":0}"
2026-06-30T17:19:42.020100,"{""temp"":27.0,""humidity"":50.7,""pressure"":1016.5,""state"":""IDLE"",""faults"":0}"
2026-06-30T17:19:43.020033,"{""temp"":27.0,""humidity"":50.7,""pressure"":1016.5,""state"":""IDLE"",""faults"":0}"
2026-06-30T17:19:44.021076,"{""temp"":27.0,""humidity"":50.7,""pressure"":1016.5,""state"":""IDLE"",""faults"":0}"
2026-06-30T17:19:45.019877,"{""temp"":27.0,""humidity"":50.7,""pressure"":1016.5,""state"":""IDLE"",""faults"":0}"
2026-06-30T17:19:46.020562,"{""temp"":27.0,""humidity"":50.7,""pressure"":1016.5,""state"":""IDLE"",""faults"":0}"
2026-06-30T17:19:47.019997,"{""temp"":27.0,""humidity"":50.7,""pressure"":1016.5,""state"":""IDLE"",""faults"":0}"
2026-06-30T17:19:48.020196,"{""temp"":27.0,""humidity"":50.7,""pressure"":1016.5,""state"":""IDLE"",""faults"":0}"
2026-06-30T17:19:49.019957,"{""temp"":27.0,""humidity"":50.7,""pressure"":1016.5,""state"":""IDLE"",""faults"":0}"
2026-06-30T17:19:50.020274,"{""temp"":27.0,""humidity"":50.7,""pressure"":1016.6,""state"":""IDLE"",""faults"":0}"
2026-06-30T17:20:14.039058,"{""temp"":27.1,""humidity"":50.8,""pressure"":1016.6,""state"":""IDLE"",""faults"":0}"
2026-06-30T17:20:15.066397,"{""temp"":27.1,""humidity"":50.8,""pressure"":1016.6,""state"":""IDLE"",""faults"":0}"
2026-06-30T17:20:16.039571,"{""temp"":27.1,""humidity"":50.8,""pressure"":1016.6,""state"":""IDLE"",""faults"":0}"
2026-06-30T17:20:17.079754,"{""temp"":27.1,""humidity"":50.8,""pressure"":1016.6,""state"":""IDLE"",""faults"":0}"
2026-06-30T17:20:18.040892,"{""temp"":27.1,""humidity"":50.8,""pressure"":1016.5,""state"":""IDLE"",""faults"":0}"
2026-06-30T17:20:19.211025,"{""temp"":27.1,""humidity"":50.8,""pressure"":1016.6,""state"":""IDLE"",""faults"":0}"
2026-06-30T17:20:20.039776,"{""temp"":27.1,""humidity"":50.8,""pressure"":1016.5,""state"":""IDLE"",""faults"":0}"
2026-06-30T17:20:21.047268,"{""temp"":27.1,""humidity"":50.8,""pressure"":1016.6,""state"":""IDLE"",""faults"":0}"
2026-06-30T17:20:22.040118,"{""temp"":27.1,""humidity"":50.8,""pressure"":1016.5,""state"":""IDLE"",""faults"":0}"
2026-06-30T17:20:23.040365,"{""temp"":27.1,""humidity"":50.8,""pressure"":1016.6,""state"":""IDLE"",""faults"":0}"
2026-06-30T17:20:24.040313,"{""temp"":27.1,""humidity"":50.8,""pressure"":1016.6,""state"":""IDLE"",""faults"":0}"
2026-06-30T17:20:25.040147,"{""temp"":27.1,""humidity"":50.8,""pressure"":1016.6,""state"":""IDLE"",""faults"":0}"
2026-06-30T17:20:26.040151,"{""temp"":27.1,""humidity"":50.8,""pressure"":1016.6,""state"":""IDLE"",""faults"":0}"
2026-06-30T17:20:27.039965,"{""temp"":27.1,""humidity"":50.8,""pressure"":1016.6,""state"":""IDLE"",""faults"":0}"
2026-06-30T17:20:28.057317,"{""temp"":27.1,""humidity"":50.8,""pressure"":1016.6,""state"":""IDLE"",""faults"":0}"
2026-06-30T17:20:29.040858,"{""temp"":27.1,""humidity"":50.9,""pressure"":1016.6,""state"":""IDLE"",""faults"":0}"
2026-06-30T17:20:30.049943,"{""temp"":27.1,""humidity"":50.8,""pressure"":1016.6,""state"":""IDLE"",""faults"":0}"
2026-06-30T17:20:31.060505,"{""temp"":27.1,""humidity"":50.8,""pressure"":1016.5,""state"":""IDLE"",""faults"":0}"
2026-06-30T17:20:32.060059,"{""temp"":27.1,""humidity"":50.8,""pressure"":1016.6,""state"":""IDLE"",""faults"":0}"
2026-06-30T17:20:33.071254,"{""temp"":27.1,""humidity"":50.8,""pressure"":1016.6,""state"":""IDLE"",""faults"":0}"
2026-06-30T17:20:34.070917,"{""temp"":27.1,""humidity"":50.7,""pressure"":1016.6,""state"":""IDLE"",""faults"":0}"
2026-06-30T17:20:35.054350,"{""temp"":27.1,""humidity"":50.7,""pressure"":1016.6,""state"":""IDLE"",""faults"":0}"
2026-06-30T17:20:36.059775,"{""temp"":27.1,""humidity"":50.7,""pressure"":1016.6,""state"":""IDLE"",""faults"":0}"
2026-06-30T17:20:37.059752,"{""temp"":27.1,""humidity"":50.7,""pressure"":1016.5,""state"":""IDLE"",""faults"":0}"
2026-06-30T17:20:38.062531,"{""temp"":27.1,""humidity"":50.7,""pressure"":1016.6,""state"":""IDLE"",""faults"":0}"
2026-06-30T17:20:39.348703,"{""temp"":27.2,""humidity"":50.7,""pressure"":1016.5,""state"":""IDLE"",""faults"":0}"
2026-06-30T17:20:40.060841,"{""temp"":27.2,""humidity"":50.7,""pressure"":1016.5,""state"":""IDLE"",""faults"":0}"
2026-06-30T17:20:41.060491,"{""temp"":27.2,""humidity"":50.7,""pressure"":1016.5,""state"":""IDLE"",""faults"":0}"
2026-06-30T17:20:42.059990,"{""temp"":27.2,""humidity"":50.7,""pressure"":1016.6,""state"":""IDLE"",""faults"":0}"
2026-06-30T17:20:43.060874,"{""temp"":27.2,""humidity"":50.7,""pressure"":1016.6,""state"":""IDLE"",""faults"":0}"
2026-06-30T17:20:44.060827,"{""temp"":27.2,""humidity"":50.6,""pressure"":1016.6,""state"":""IDLE"",""faults"":0}"
2026-06-30T17:20:45.060281,"{""temp"":27.2,""humidity"":50.7,""pressure"":1016.6,""state"":""IDLE"",""faults"":0}"
2026-06-30T17:20:46.059589,"{""temp"":27.2,""humidity"":50.6,""pressure"":1016.5,""state"":""IDLE"",""faults"":0}"
2026-06-30T17:20:47.061014,"{""temp"":27.2,""humidity"":50.6,""pressure"":1016.6,""state"":""IDLE"",""faults"":0}"
2026-06-30T17:20:48.059457,"{""temp"":27.2,""humidity"":50.6,""pressure"":1016.5,""state"":""IDLE"",""faults"":0}"
2026-06-30T17:20:49.066466,"{""temp"":27.2,""humidity"":50.6,""pressure"":1016.5,""state"":""IDLE"",""faults"":0}"
2026-06-30T17:20:50.088616,"{""temp"":27.2,""humidity"":50.6,""pressure"":1016.6,""state"":""IDLE"",""faults"":0}"
2026-06-30T17:20:51.060311,"{""temp"":27.2,""humidity"":50.6,""pressure"":1016.6,""state"":""IDLE"",""faults"":0}"
2026-06-30T17:20:52.059993,"{""temp"":27.2,""humidity"":50.6,""pressure"":1016.6,""state"":""IDLE"",""faults"":0}"
2026-06-30T17:20:53.088690,"{""temp"":27.2,""humidity"":50.6,""pressure"":1016.6,""state"":""IDLE"",""faults"":0}"
2026-06-30T17:20:54.063304,"{""temp"":27.2,""humidity"":50.6,""pressure"":1016.6,""state"":""IDLE"",""faults"":0}"
2026-06-30T17:20:55.062086,"{""temp"":27.2,""humidity"":50.6,""pressure"":1016.6,""state"":""IDLE"",""faults"":0}"
2026-06-30T17:20:56.059708,"{""temp"":27.2,""humidity"":50.6,""pressure"":1016.5,""state"":""IDLE"",""faults"":0}"
2026-06-30T17:20:57.060349,"{""temp"":27.2,""humidity"":50.6,""pressure"":1016.6,""state"":""IDLE"",""faults"":0}"
2026-06-30T17:20:58.061966,"{""temp"":27.2,""humidity"":50.6,""pressure"":1016.6,""state"":""IDLE"",""faults"":0}"
2026-06-30T17:20:59.060474,"{""temp"":27.2,""humidity"":50.6,""pressure"":1016.5,""state"":""IDLE"",""faults"":0}"
2026-06-30T17:21:00.060937,"{""temp"":27.2,""humidity"":50.6,""pressure"":1016.6,""state"":""IDLE"",""faults"":0}"
2026-06-30T17:21:01.073122,"{""temp"":27.2,""humidity"":50.6,""pressure"":1016.5,""state"":""IDLE"",""faults"":0}"
2026-06-30T17:21:02.073259,"{""temp"":27.2,""humidity"":50.6,""pressure"":1016.5,""state"":""IDLE"",""faults"":0}"
2026-06-30T17:21:03.079431,"{""temp"":27.2,""humidity"":50.6,""pressure"":1016.6,""state"":""IDLE"",""faults"":0}"
2026-06-30T17:21:04.079489,"{""temp"":27.2,""humidity"":50.6,""pressure"":1016.6,""state"":""IDLE"",""faults"":0}"
2026-06-30T17:21:05.120853,"{""temp"":27.2,""humidity"":50.6,""pressure"":1016.5,""state"":""IDLE"",""faults"":0}"
2026-06-30T17:21:06.091374,"{""temp"":27.2,""humidity"":50.5,""pressure"":1016.5,""state"":""IDLE"",""faults"":0}"
2026-06-30T17:21:07.089473,"{""temp"":27.2,""humidity"":50.6,""pressure"":1016.5,""state"":""IDLE"",""faults"":0}"
2026-06-30T17:21:08.092314,"{""temp"":27.2,""humidity"":50.6,""pressure"":1016.6,""state"":""IDLE"",""faults"":0}"
2026-06-30T17:21:09.090389,"{""temp"":27.2,""humidity"":50.6,""pressure"":1016.6,""state"":""IDLE"",""faults"":0}"
2026-06-30T17:21:10.077324,"{""temp"":27.2,""humidity"":50.6,""pressure"":1016.6,""state"":""IDLE"",""faults"":0}"
2026-06-30T17:21:11.089448,"{""temp"":27.2,""humidity"":50.6,""pressure"":1016.6,""state"":""IDLE"",""faults"":0}"
2026-06-30T17:21:12.142891,"{""temp"":27.2,""humidity"":50.6,""pressure"":1016.6,""state"":""IDLE"",""faults"":0}"
2026-06-30T17:21:13.151208,"{""temp"":27.2,""humidity"":50.6,""pressure"":1016.5,""state"":""IDLE"",""faults"":0}"
2026-06-30T17:21:14.090561,"{""temp"":27.2,""humidity"":50.6,""pressure"":1016.6,""state"":""IDLE"",""faults"":0}"
2026-06-30T17:21:15.093667,"{""temp"":27.2,""humidity"":50.6,""pressure"":1016.6,""state"":""IDLE"",""faults"":0}"
2026-06-30T17:21:16.090122,"{""temp"":27.2,""humidity"":50.6,""pressure"":1016.6,""state"":""IDLE"",""faults"":0}"
2026-06-30T17:21:17.089736,"{""temp"":27.2,""humidity"":50.6,""pressure"":1016.6,""state"":""IDLE"",""faults"":0}"
2026-06-30T17:21:18.090351,"{""temp"":27.2,""humidity"":50.6,""pressure"":1016.5,""state"":""IDLE"",""faults"":0}"
2026-06-30T17:21:19.090554,"{""temp"":27.2,""humidity"":50.6,""pressure"":1016.5,""state"":""IDLE"",""faults"":0}"
2026-06-30T17:21:20.090735,"{""temp"":27.2,""humidity"":50.6,""pressure"":1016.6,""state"":""IDLE"",""faults"":0}"
2026-06-30T17:21:21.101408,"{""temp"":27.2,""humidity"":50.6,""pressure"":1016.6,""state"":""IDLE"",""faults"":0}"
2026-06-30T17:21:22.093371,"{""temp"":27.2,""humidity"":50.6,""pressure"":1016.6,""state"":""IDLE"",""faults"":0}"
2026-06-30T17:21:23.100377,"{""temp"":27.2,""humidity"":50.6,""pressure"":1016.6,""state"":""IDLE"",""faults"":0}"
2026-06-30T17:21:24.108813,"{""temp"":27.2,""humidity"":50.6,""pressure"":1016.6,""state"":""IDLE"",""faults"":0}"
2026-06-30T17:21:25.178871,"{""temp"":27.2,""humidity"":50.6,""pressure"":1016.6,""state"":""IDLE"",""faults"":0}"
2026-06-30T17:21:26.118471,"{""temp"":27.2,""humidity"":50.6,""pressure"":1016.6,""state"":""IDLE"",""faults"":0}"
2026-06-30T17:21:27.113424,"{""temp"":27.2,""humidity"":50.6,""pressure"":1016.6,""state"":""IDLE"",""faults"":0}"
2026-06-30T17:21:28.112618,"{""temp"":27.2,""humidity"":50.6,""pressure"":1016.6,""state"":""IDLE"",""faults"":0}"
2026-06-30T17:21:29.109679,"{""temp"":27.3,""humidity"":50.6,""pressure"":1016.6,""state"":""IDLE"",""faults"":0}"
2026-06-30T17:21:30.110616,"{""temp"":27.3,""humidity"":50.6,""pressure"":1016.6,""state"":""IDLE"",""faults"":0}"
2026-06-30T17:21:31.119355,"{""temp"":27.3,""humidity"":50.6,""pressure"":1016.6,""state"":""IDLE"",""faults"":0}"
2026-06-30T17:21:32.111287,"{""temp"":27.3,""humidity"":50.6,""pressure"":1016.6,""state"":""IDLE"",""faults"":0}"
2026-06-30T17:21:33.121128,"{""temp"":27.3,""humidity"":50.6,""pressure"":1016.6,""state"":""IDLE"",""faults"":0}"
2026-06-30T17:21:34.123666,"{""temp"":27.3,""humidity"":50.6,""pressure"":1016.6,""state"":""IDLE"",""faults"":0}"
2026-06-30T17:21:35.120499,"{""temp"":27.3,""humidity"":50.6,""pressure"":1016.6,""state"":""IDLE"",""faults"":0}"
2026-06-30T17:21:36.120469,"{""temp"":27.3,""humidity"":50.5,""pressure"":1016.6,""state"":""IDLE"",""faults"":0}"
2026-06-30T17:21:37.123713,"{""temp"":27.3,""humidity"":50.6,""pressure"":1016.6,""state"":""IDLE"",""faults"":0}"
2026-06-30T17:21:38.119282,"{""temp"":27.3,""humidity"":50.5,""pressure"":1016.6,""state"":""IDLE"",""faults"":0}"
2026-06-30T17:21:39.120964,"{""temp"":27.3,""humidity"":50.6,""pressure"":1016.6,""state"":""IDLE"",""faults"":0}"
2026-06-30T17:21:40.133213,"{""temp"":27.3,""humidity"":50.5,""pressure"":1016.6,""state"":""IDLE"",""faults"":0}"
2026-06-30T17:21:41.129057,"{""temp"":27.3,""humidity"":50.5,""pressure"":1016.6,""state"":""IDLE"",""faults"":0}"
2026-06-30T17:21:42.131736,"{""temp"":27.3,""humidity"":50.5,""pressure"":1016.6,""state"":""IDLE"",""faults"":0}"
2026-06-30T17:21:43.129436,"{""temp"":27.3,""humidity"":50.5,""pressure"":1016.6,""state"":""IDLE"",""faults"":0}"
2026-06-30T17:21:44.119013,"{""temp"":27.3,""humidity"":50.5,""pressure"":1016.6,""state"":""IDLE"",""faults"":0}"
2026-06-30T17:21:45.131976,"{""temp"":27.3,""humidity"":50.5,""pressure"":1016.6,""state"":""IDLE"",""faults"":0}"
2026-06-30T17:21:46.129286,"{""temp"":27.3,""humidity"":50.5,""pressure"":1016.6,""state"":""IDLE"",""faults"":0}"
2026-06-30T17:21:47.129383,"{""temp"":27.3,""humidity"":50.5,""pressure"":1016.6,""state"":""IDLE"",""faults"":0}"
2026-06-30T17:21:48.129995,"{""temp"":27.3,""humidity"":50.5,""pressure"":1016.6,""state"":""IDLE"",""faults"":0}"
2026-06-30T17:21:49.129339,"{""temp"":27.3,""humidity"":50.5,""pressure"":1016.6,""state"":""IDLE"",""faults"":0}"
2026-06-30T17:21:50.134309,"{""temp"":27.3,""humidity"":50.5,""pressure"":1016.6,""state"":""IDLE"",""faults"":0}"
2026-06-30T17:21:51.139926,"{""temp"":27.3,""humidity"":50.5,""pressure"":1016.6,""state"":""IDLE"",""faults"":0}"
2026-06-30T17:21:52.140431,"{""temp"":27.3,""humidity"":50.5,""pressure"":1016.6,""state"":""IDLE"",""faults"":0}"
2026-06-30T17:21:53.140367,"{""temp"":27.3,""humidity"":50.5,""pressure"":1016.5,""state"":""IDLE"",""faults"":0}"
2026-06-30T17:21:54.140069,"{""temp"":27.3,""humidity"":50.5,""pressure"":1016.5,""state"":""IDLE"",""faults"":0}"
2026-06-30T17:21:55.152722,"{""temp"":27.3,""humidity"":50.5,""pressure"":1016.6,""state"":""IDLE"",""faults"":0}"
2026-06-30T17:21:56.154893,"{""temp"":27.3,""humidity"":50.5,""pressure"":1016.6,""state"":""IDLE"",""faults"":0}"
2026-06-30T17:21:57.160569,"{""temp"":27.3,""humidity"":50.5,""pressure"":1016.6,""state"":""IDLE"",""faults"":0}"
2026-06-30T17:21:58.162660,"{""temp"":27.3,""humidity"":50.5,""pressure"":1016.6,""state"":""IDLE"",""faults"":0}"
2026-06-30T17:21:59.160143,"{""temp"":27.3,""humidity"":50.5,""pressure"":1016.6,""state"":""IDLE"",""faults"":0}"
2026-06-30T17:22:00.161348,"{""temp"":27.3,""humidity"":50.5,""pressure"":1016.6,""state"":""IDLE"",""faults"":0}"
2026-06-30T17:22:01.161891,"{""temp"":27.3,""humidity"":50.5,""pressure"":1016.5,""state"":""IDLE"",""faults"":0}"
2026-06-30T17:22:02.160323,"{""temp"":27.3,""humidity"":50.5,""pressure"":1016.6,""state"":""IDLE"",""faults"":0}"
2026-06-30T17:22:03.170568,"{""temp"":27.4,""humidity"":50.5,""pressure"":1016.6,""state"":""IDLE"",""faults"":0}"
2026-06-30T17:22:04.170222,"{""temp"":27.4,""humidity"":50.5,""pressure"":1016.6,""state"":""IDLE"",""faults"":0}"
2026-06-30T17:22:05.171072,"{""temp"":27.4,""humidity"":50.4,""pressure"":1016.6,""state"":""IDLE"",""faults"":0}"
2026-06-30T17:22:06.198646,"{""temp"":27.4,""humidity"":50.5,""pressure"":1016.6,""state"":""IDLE"",""faults"":0}"
2026-06-30T17:22:07.178693,"{""temp"":27.4,""humidity"":50.4,""pressure"":1016.6,""state"":""IDLE"",""faults"":0}"
2026-06-30T17:22:08.178768,"{""temp"":27.4,""humidity"":50.4,""pressure"":1016.6,""state"":""IDLE"",""faults"":0}"
2026-06-30T17:22:09.178812,"{""temp"":27.4,""humidity"":50.4,""pressure"":1016.6,""state"":""IDLE"",""faults"":0}"
2026-06-30T17:22:10.180474,"{""temp"":27.4,""humidity"":50.4,""pressure"":1016.6,""state"":""IDLE"",""faults"":0}"
2026-06-30T17:22:11.180059,"{""temp"":27.4,""humidity"":50.4,""pressure"":1016.6,""state"":""IDLE"",""faults"":0}"
2026-06-30T17:22:12.180527,"{""temp"":27.4,""humidity"":50.4,""pressure"":1016.6,""state"":""IDLE"",""faults"":0}"
2026-06-30T17:22:13.219471,"{""temp"":27.4,""humidity"":50.4,""pressure"":1016.6,""state"":""IDLE"",""faults"":0}"
2026-06-30T17:22:14.179197,"{""temp"":27.4,""humidity"":50.4,""pressure"":1016.6,""state"":""IDLE"",""faults"":0}"
2026-06-30T17:22:15.179179,"{""temp"":27.4,""humidity"":50.4,""pressure"":1016.6,""state"":""IDLE"",""faults"":0}"
2026-06-30T17:22:16.184554,"{""temp"":27.4,""humidity"":50.4,""pressure"":1016.6,""state"":""IDLE"",""faults"":0}"
2026-06-30T17:22:17.188452,"{""temp"":27.4,""humidity"":50.4,""pressure"":1016.6,""state"":""IDLE"",""faults"":0}"
2026-06-30T17:22:18.181018,"{""temp"":27.4,""humidity"":50.4,""pressure"":1016.6,""state"":""IDLE"",""faults"":0}"
2026-06-30T17:22:19.180411,"{""temp"":27.4,""humidity"":50.3,""pressure"":1016.6,""state"":""IDLE"",""faults"":0}"
2026-06-30T17:22:20.182087,"{""temp"":27.4,""humidity"":50.3,""pressure"":1016.6,""state"":""IDLE"",""faults"":0}"
2026-06-30T17:22:21.179516,"{""temp"":27.4,""humidity"":50.3,""pressure"":1016.6,""state"":""IDLE"",""faults"":0}"
2026-06-30T17:22:22.200198,"{""temp"":27.4,""humidity"":50.3,""pressure"":1016.6,""state"":""IDLE"",""faults"":0}"
2026-06-30T17:22:23.221590,"{""temp"":27.4,""humidity"":50.3,""pressure"":1016.6,""state"":""IDLE"",""faults"":0}"
2026-06-30T17:22:24.199835,"{""temp"":27.4,""humidity"":50.3,""pressure"":1016.6,""state"":""IDLE"",""faults"":0}"
2026-06-30T17:22:25.200250,"{""temp"":27.4,""humidity"":50.3,""pressure"":1016.6,""state"":""IDLE"",""faults"":0}"
2026-06-30T17:22:26.214085,"{""temp"":27.4,""humidity"":50.3,""pressure"":1016.6,""state"":""IDLE"",""faults"":0}"
2026-06-30T17:22:27.209144,"{""temp"":27.4,""humidity"":50.3,""pressure"":1016.6,""state"":""IDLE"",""faults"":0}"
2026-06-30T17:22:28.212231,"{""temp"":27.4,""humidity"":50.3,""pressure"":1016.6,""state"":""IDLE"",""faults"":0}"
2026-06-30T17:22:29.210359,"{""temp"":27.4,""humidity"":50.3,""pressure"":1016.6,""state"":""IDLE"",""faults"":0}"
2026-06-30T17:22:30.220202,"{""temp"":27.4,""humidity"":50.3,""pressure"":1016.6,""state"":""IDLE"",""faults"":0}"
2026-06-30T17:22:31.220008,"{""temp"":27.4,""humidity"":50.4,""pressure"":1016.6,""state"":""IDLE"",""faults"":0}"
2026-06-30T17:22:32.220946,"{""temp"":27.4,""humidity"":50.4,""pressure"":1016.6,""state"":""IDLE"",""faults"":0}"
2026-06-30T17:22:33.219876,"{""temp"":27.4,""humidity"":50.3,""pressure"":1016.6,""state"":""IDLE"",""faults"":0}"
2026-06-30T17:22:34.231979,"{""temp"":27.4,""humidity"":50.3,""pressure"":1016.6,""state"":""IDLE"",""faults"":0}"
2026-06-30T17:22:35.272670,"{""temp"":27.4,""humidity"":50.3,""pressure"":1016.6,""state"":""IDLE"",""faults"":0}"
2026-06-30T17:22:36.315171,"{""temp"":27.4,""humidity"":50.3,""pressure"":1016.6,""state"":""IDLE"",""faults"":0}"
2026-06-30T17:22:37.230342,"{""temp"":27.5,""humidity"":50.3,""pressure"":1016.6,""state"":""IDLE"",""faults"":0}"
2026-06-30T17:22:38.239828,"{""temp"":27.5,""humidity"":50.3,""pressure"":1016.6,""state"":""IDLE"",""faults"":0}"
2026-06-30T17:22:39.243592,"{""temp"":27.5,""humidity"":50.3,""pressure"":1016.6,""state"":""IDLE"",""faults"":0}"
2026-06-30T17:22:40.234786,"{""temp"":27.5,""humidity"":50.3,""pressure"":1016.6,""state"":""IDLE"",""faults"":0}"
2026-06-30T17:22:41.226850,"{""temp"":27.5,""humidity"":50.3,""pressure"":1016.6,""state"":""IDLE"",""faults"":0}"
2026-06-30T17:22:42.239945,"{""temp"":27.5,""humidity"":50.3,""pressure"":1016.6,""state"":""IDLE"",""faults"":0}"
2026-06-30T17:22:43.240295,"{""temp"":27.5,""humidity"":50.2,""pressure"":1016.6,""state"":""IDLE"",""faults"":0}"
2026-06-30T17:22:44.247406,"{""temp"":27.5,""humidity"":50.2,""pressure"":1016.6,""state"":""IDLE"",""faults"":0}"
2026-06-30T17:22:45.239848,"{""temp"":27.5,""humidity"":50.2,""pressure"":1016.6,""state"":""IDLE"",""faults"":0}"
2026-06-30T17:22:46.249865,"{""temp"":27.5,""humidity"":50.2,""pressure"":1016.6,""state"":""IDLE"",""faults"":0}"
2026-06-30T17:22:47.240549,"{""temp"":27.5,""humidity"":50.2,""pressure"":1016.6,""state"":""IDLE"",""faults"":0}"
2026-06-30T17:22:48.240061,"{""temp"":27.5,""humidity"":50.2,""pressure"":1016.6,""state"":""IDLE"",""faults"":0}"
2026-06-30T17:22:49.240190,"{""temp"":27.5,""humidity"":50.2,""pressure"":1016.6,""state"":""IDLE"",""faults"":0}"
2026-06-30T17:22:50.240042,"{""temp"":27.5,""humidity"":50.2,""pressure"":1016.6,""state"":""IDLE"",""faults"":0}"
2026-06-30T17:22:51.245418,"{""temp"":27.5,""humidity"":50.2,""pressure"":1016.6,""state"":""IDLE"",""faults"":0}"
2026-06-30T17:22:52.240090,"{""temp"":27.5,""humidity"":50.2,""pressure"":1016.6,""state"":""IDLE"",""faults"":0}"
2026-06-30T17:22:53.240271,"{""temp"":27.5,""humidity"":50.2,""pressure"":1016.6,""state"":""IDLE"",""faults"":0}"
2026-06-30T17:22:54.239954,"{""temp"":27.5,""humidity"":50.2,""pressure"":1016.6,""state"":""IDLE"",""faults"":0}"
2026-06-30T17:22:55.240179,"{""temp"":27.5,""humidity"":50.2,""pressure"":1016.6,""state"":""IDLE"",""faults"":0}"
2026-06-30T17:22:56.240600,"{""temp"":27.5,""humidity"":50.2,""pressure"":1016.5,""state"":""IDLE"",""faults"":0}"
2026-06-30T17:22:57.240851,"{""temp"":27.5,""humidity"":50.2,""pressure"":1016.6,""state"":""IDLE"",""faults"":0}"
2026-06-30T17:22:58.240160,"{""temp"":27.5,""humidity"":50.1,""pressure"":1016.6,""state"":""IDLE"",""faults"":0}"
2026-06-30T17:22:59.239934,"{""temp"":27.5,""humidity"":50.2,""pressure"":1016.6,""state"":""IDLE"",""faults"":0}"
2026-06-30T17:23:00.239396,"{""temp"":27.5,""humidity"":50.1,""pressure"":1016.6,""state"":""IDLE"",""faults"":0}"
2026-06-30T17:23:01.239464,"{""temp"":27.5,""humidity"":50.1,""pressure"":1016.6,""state"":""IDLE"",""faults"":0}"
2026-06-30T17:23:02.244938,"{""temp"":27.5,""humidity"":50.1,""pressure"":1016.5,""state"":""IDLE"",""faults"":0}"
2026-06-30T17:23:03.238709,"{""temp"":27.5,""humidity"":50.1,""pressure"":1016.5,""state"":""IDLE"",""faults"":0}"
2026-06-30T17:23:04.240502,"{""temp"":27.5,""humidity"":50.1,""pressure"":1016.6,""state"":""IDLE"",""faults"":0}"
2026-06-30T17:23:05.239634,"{""temp"":27.5,""humidity"":50.1,""pressure"":1016.5,""state"":""IDLE"",""faults"":0}"
2026-06-30T17:23:06.239751,"{""temp"":27.5,""humidity"":50.1,""pressure"":1016.5,""state"":""IDLE"",""faults"":0}"
2026-06-30T17:23:07.238935,"{""temp"":27.5,""humidity"":50.1,""pressure"":1016.6,""state"":""IDLE"",""faults"":0}"
2026-06-30T17:23:08.238918,"{""temp"":27.5,""humidity"":50.1,""pressure"":1016.6,""state"":""IDLE"",""faults"":0}"
2026-06-30T17:23:09.239436,"{""temp"":27.5,""humidity"":50.1,""pressure"":1016.5,""state"":""IDLE"",""faults"":0}"
2026-06-30T17:23:10.239614,"{""temp"":27.5,""humidity"":50.1,""pressure"":1016.6,""state"":""IDLE"",""faults"":0}"
2026-06-30T17:23:11.239575,"{""temp"":27.5,""humidity"":50.1,""pressure"":1016.5,""state"":""IDLE"",""faults"":0}"
2026-06-30T17:23:12.239508,"{""temp"":27.5,""humidity"":50.1,""pressure"":1016.6,""state"":""IDLE"",""faults"":0}"
2026-06-30T17:23:13.239766,"{""temp"":27.5,""humidity"":50.1,""pressure"":1016.6,""state"":""IDLE"",""faults"":0}"
2026-06-30T17:23:14.239187,"{""temp"":27.5,""humidity"":50.0,""pressure"":1016.6,""state"":""IDLE"",""faults"":0}"
2026-06-30T17:23:15.239875,"{""temp"":27.5,""humidity"":50.1,""pressure"":1016.6,""state"":""IDLE"",""faults"":0}"
2026-06-30T17:23:16.240836,"{""temp"":27.6,""humidity"":50.1,""pressure"":1016.6,""state"":""IDLE"",""faults"":0}"
2026-06-30T17:23:17.242763,"{""temp"":27.6,""humidity"":50.0,""pressure"":1016.6,""state"":""IDLE"",""faults"":0}"
2026-06-30T17:23:18.243433,"{""temp"":27.6,""humidity"":50.0,""pressure"":1016.6,""state"":""IDLE"",""faults"":0}"
2026-06-30T17:23:19.245949,"{""temp"":27.6,""humidity"":50.0,""pressure"":1016.6,""state"":""IDLE"",""faults"":0}"
2026-06-30T17:23:20.266475,"{""temp"":27.6,""humidity"":50.0,""pressure"":1016.6,""state"":""IDLE"",""faults"":0}"
2026-06-30T17:23:21.249873,"{""temp"":27.6,""humidity"":50.0,""pressure"":1016.6,""state"":""IDLE"",""faults"":0}"
2026-06-30T17:23:22.288289,"{""temp"":27.6,""humidity"":50.0,""pressure"":1016.5,""state"":""IDLE"",""faults"":0}"
2026-06-30T17:23:23.278909,"{""temp"":27.6,""humidity"":50.0,""pressure"":1016.6,""state"":""IDLE"",""faults"":0}"
2026-06-30T17:23:24.250581,"{""temp"":27.6,""humidity"":50.0,""pressure"":1016.6,""state"":""IDLE"",""faults"":0}"
2026-06-30T17:23:25.250048,"{""temp"":27.6,""humidity"":50.0,""pressure"":1016.6,""state"":""IDLE"",""faults"":0}"
2026-06-30T17:23:26.249751,"{""temp"":27.6,""humidity"":50.0,""pressure"":1016.6,""state"":""IDLE"",""faults"":0}"
2026-06-30T17:23:27.369647,"{""temp"":27.6,""humidity"":50.0,""pressure"":1016.6,""state"":""IDLE"",""faults"":0}"
2026-06-30T17:23:28.270237,"{""temp"":27.6,""humidity"":50.0,""pressure"":1016.6,""state"":""IDLE"",""faults"":0}"
2026-06-30T17:23:29.249696,"{""temp"":27.6,""humidity"":50.0,""pressure"":1016.6,""state"":""IDLE"",""faults"":0}"
2026-06-30T17:23:30.249851,"{""temp"":27.6,""humidity"":50.0,""pressure"":1016.6,""state"":""IDLE"",""faults"":0}"
2026-06-30T17:23:31.250157,"{""temp"":27.6,""humidity"":50.0,""pressure"":1016.6,""state"":""IDLE"",""faults"":0}"
2026-06-30T17:23:32.251490,"{""temp"":27.5,""humidity"":50.0,""pressure"":1016.5,""state"":""IDLE"",""faults"":0}"
2026-06-30T17:23:33.253264,"{""temp"":27.5,""humidity"":50.0,""pressure"":1016.6,""state"":""IDLE"",""faults"":0}"
2026-06-30T17:23:34.249963,"{""temp"":27.5,""humidity"":50.0,""pressure"":1016.5,""state"":""IDLE"",""faults"":0}"
2026-06-30T17:23:35.249859,"{""temp"":27.5,""humidity"":50.0,""pressure"":1016.6,""state"":""IDLE"",""faults"":0}"
2026-06-30T17:23:36.252134,"{""temp"":27.6,""humidity"":50.0,""pressure"":1016.6,""state"":""IDLE"",""faults"":0}"
2026-06-30T17:23:37.249965,"{""temp"":27.6,""humidity"":50.0,""pressure"":1016.6,""state"":""IDLE"",""faults"":0}"
2026-06-30T17:23:38.250367,"{""temp"":27.6,""humidity"":50.0,""pressure"":1016.6,""state"":""IDLE"",""faults"":0}"
2026-06-30T17:23:39.250158,"{""temp"":27.6,""humidity"":50.0,""pressure"":1016.5,""state"":""IDLE"",""faults"":0}"
2026-06-30T17:23:40.254640,"{""temp"":27.5,""humidity"":50.0,""pressure"":1016.6,""state"":""IDLE"",""faults"":0}"
2026-06-30T17:23:41.250538,"{""temp"":27.6,""humidity"":50.0,""pressure"":1016.6,""state"":""IDLE"",""faults"":0}"
2026-06-30T17:23:42.250399,"{""temp"":27.6,""humidity"":50.0,""pressure"":1016.6,""state"":""IDLE"",""faults"":0}"
2026-06-30T17:23:43.259608,"{""temp"":27.6,""humidity"":49.9,""pressure"":1016.6,""state"":""IDLE"",""faults"":0}"
2026-06-30T17:23:44.247138,"{""temp"":27.6,""humidity"":50.0,""pressure"":1016.6,""state"":""IDLE"",""faults"":0}"
2026-06-30T17:23:45.251061,"{""temp"":27.6,""humidity"":50.0,""pressure"":1016.6,""state"":""IDLE"",""faults"":0}"
2026-06-30T17:23:46.250293,"{""temp"":27.6,""humidity"":50.0,""pressure"":1016.5,""state"":""IDLE"",""faults"":0}"
2026-06-30T17:23:47.249465,"{""temp"":27.6,""humidity"":50.0,""pressure"":1016.5,""state"":""IDLE"",""faults"":0}"
2026-06-30T17:23:48.249821,"{""temp"":27.5,""humidity"":50.0,""pressure"":1016.5,""state"":""IDLE"",""faults"":0}"
2026-06-30T17:23:49.249456,"{""temp"":27.5,""humidity"":50.0,""pressure"":1016.6,""state"":""IDLE"",""faults"":0}"
2026-06-30T17:23:50.251333,"{""temp"":27.6,""humidity"":50.0,""pressure"":1016.5,""state"":""IDLE"",""faults"":0}"
2026-06-30T17:23:51.249146,"{""temp"":27.5,""humidity"":50.0,""pressure"":1016.6,""state"":""IDLE"",""faults"":0}"
2026-06-30T17:23:52.249286,"{""temp"":27.5,""humidity"":50.0,""pressure"":1016.6,""state"":""IDLE"",""faults"":0}"
2026-06-30T17:23:53.250519,"{""temp"":27.6,""humidity"":50.0,""pressure"":1016.6,""state"":""IDLE"",""faults"":0}"
2026-06-30T17:23:54.249884,"{""temp"":27.6,""humidity"":50.0,""pressure"":1016.6,""state"":""IDLE"",""faults"":0}"
2026-06-30T17:23:55.257886,"{""temp"":27.6,""humidity"":50.0,""pressure"":1016.6,""state"":""IDLE"",""faults"":0}"
2026-06-30T17:23:56.250601,"{""temp"":27.6,""humidity"":50.0,""pressure"":1016.6,""state"":""IDLE"",""faults"":0}"
2026-06-30T17:23:57.249201,"{""temp"":27.6,""humidity"":50.0,""pressure"":1016.6,""state"":""IDLE"",""faults"":0}"
2026-06-30T17:23:58.257716,"{""temp"":27.5,""humidity"":49.9,""pressure"":1016.6,""state"":""IDLE"",""faults"":0}"
2026-06-30T17:23:59.249902,"{""temp"":27.6,""humidity"":50.0,""pressure"":1016.6,""state"":""IDLE"",""faults"":0}"
2026-06-30T17:24:00.249551,"{""temp"":27.6,""humidity"":50.0,""pressure"":1016.6,""state"":""IDLE"",""faults"":0}"
2026-06-30T17:24:01.249361,"{""temp"":27.6,""humidity"":49.9,""pressure"":1016.6,""state"":""IDLE"",""faults"":0}"
2026-06-30T17:24:02.249570,"{""temp"":27.6,""humidity"":49.9,""pressure"":1016.6,""state"":""IDLE"",""faults"":0}"
2026-06-30T17:24:03.253938,"{""temp"":27.6,""humidity"":49.9,""pressure"":1016.6,""state"":""IDLE"",""faults"":0}"
2026-06-30T17:24:04.260631,"{""temp"":27.6,""humidity"":49.9,""pressure"":1016.6,""state"":""IDLE"",""faults"":0}"
2026-06-30T17:24:05.260896,"{""temp"":27.6,""humidity"":49.9,""pressure"":1016.6,""state"":""IDLE"",""faults"":0}"
2026-06-30T17:24:06.269592,"{""temp"":27.6,""humidity"":49.9,""pressure"":1016.6,""state"":""IDLE"",""faults"":0}"
2026-06-30T17:24:07.263451,"{""temp"":27.6,""humidity"":49.9,""pressure"":1016.5,""state"":""IDLE"",""faults"":0}"
2026-06-30T17:24:08.263166,"{""temp"":27.6,""humidity"":49.9,""pressure"":1016.6,""state"":""IDLE"",""faults"":0}"
2026-06-30T17:24:09.260249,"{""temp"":27.6,""humidity"":49.9,""pressure"":1016.6,""state"":""IDLE"",""faults"":0}"
2026-06-30T17:24:10.260486,"{""temp"":27.6,""humidity"":49.9,""pressure"":1016.6,""state"":""IDLE"",""faults"":0}"
2026-06-30T17:24:11.260155,"{""temp"":27.6,""humidity"":49.9,""pressure"":1016.5,""state"":""IDLE"",""faults"":0}"
2026-06-30T17:24:12.259806,"{""temp"":27.6,""humidity"":49.9,""pressure"":1016.6,""state"":""IDLE"",""faults"":0}"
2026-06-30T17:24:13.259544,"{""temp"":27.6,""humidity"":49.9,""pressure"":1016.6,""state"":""IDLE"",""faults"":0}"
2026-06-30T17:24:14.260750,"{""temp"":27.6,""humidity"":49.9,""pressure"":1016.6,""state"":""IDLE"",""faults"":0}"
2026-06-30T17:24:15.266991,"{""temp"":27.6,""humidity"":49.9,""pressure"":1016.5,""state"":""IDLE"",""faults"":0}"
2026-06-30T17:24:16.260192,"{""temp"":27.6,""humidity"":49.9,""pressure"":1016.6,""state"":""IDLE"",""faults"":0}"
2026-06-30T17:24:17.260407,"{""temp"":27.6,""humidity"":49.9,""pressure"":1016.6,""state"":""IDLE"",""faults"":0}"
2026-06-30T17:24:18.260356,"{""temp"":27.6,""humidity"":49.9,""pressure"":1016.6,""state"":""IDLE"",""faults"":0}"
2026-06-30T17:24:19.259584,"{""temp"":27.6,""humidity"":49.9,""pressure"":1016.6,""state"":""IDLE"",""faults"":0}"
2026-06-30T17:24:20.259889,"{""temp"":27.6,""humidity"":49.9,""pressure"":1016.6,""state"":""IDLE"",""faults"":0}"
2026-06-30T17:24:21.259842,"{""temp"":27.6,""humidity"":49.9,""pressure"":1016.6,""state"":""IDLE"",""faults"":0}"
2026-06-30T17:24:22.259803,"{""temp"":27.6,""humidity"":49.9,""pressure"":1016.6,""state"":""IDLE"",""faults"":0}"
2026-06-30T17:24:23.264555,"{""temp"":27.6,""humidity"":49.9,""pressure"":1016.6,""state"":""IDLE"",""faults"":0}"
2026-06-30T17:24:24.259865,"{""temp"":27.6,""humidity"":49.9,""pressure"":1016.6,""state"":""IDLE"",""faults"":0}"
2026-06-30T17:24:25.260235,"{""temp"":27.6,""humidity"":49.9,""pressure"":1016.6,""state"":""IDLE"",""faults"":0}"
2026-06-30T17:24:26.260194,"{""temp"":27.6,""humidity"":49.9,""pressure"":1016.6,""state"":""IDLE"",""faults"":0}"
2026-06-30T17:24:27.264698,"{""temp"":27.6,""humidity"":49.9,""pressure"":1016.6,""state"":""IDLE"",""faults"":0}"
2026-06-30T17:24:28.260960,"{""temp"":27.6,""humidity"":49.9,""pressure"":1016.5,""state"":""IDLE"",""faults"":0}"
2026-06-30T17:24:29.261018,"{""temp"":27.6,""humidity"":49.9,""pressure"":1016.6,""state"":""IDLE"",""faults"":0}"
2026-06-30T17:24:30.260239,"{""temp"":27.6,""humidity"":49.9,""pressure"":1016.6,""state"":""IDLE"",""faults"":0}"
2026-06-30T17:24:31.281136,"{""temp"":27.6,""humidity"":49.9,""pressure"":1016.6,""state"":""IDLE"",""faults"":0}"
2026-06-30T17:24:32.260247,"{""temp"":27.6,""humidity"":49.9,""pressure"":1016.6,""state"":""IDLE"",""faults"":0}"
2026-06-30T17:24:33.260082,"{""temp"":27.6,""humidity"":49.9,""pressure"":1016.6,""state"":""IDLE"",""faults"":0}"
2026-06-30T17:24:34.259010,"{""temp"":27.6,""humidity"":49.9,""pressure"":1016.6,""state"":""IDLE"",""faults"":0}"
2026-06-30T17:24:35.259138,"{""temp"":27.6,""humidity"":49.9,""pressure"":1016.6,""state"":""IDLE"",""faults"":0}"
2026-06-30T17:24:36.261243,"{""temp"":27.6,""humidity"":49.9,""pressure"":1016.6,""state"":""IDLE"",""faults"":0}"
2026-06-30T17:24:37.259497,"{""temp"":27.6,""humidity"":49.9,""pressure"":1016.6,""state"":""IDLE"",""faults"":0}"
2026-06-30T17:24:38.261492,"{""temp"":27.6,""humidity"":49.9,""pressure"":1016.6,""state"":""IDLE"",""faults"":0}"
2026-06-30T17:24:39.260795,"{""temp"":27.6,""humidity"":49.9,""pressure"":1016.6,""state"":""IDLE"",""faults"":0}"
2026-06-30T17:24:40.259373,"{""temp"":27.6,""humidity"":49.8,""pressure"":1016.6,""state"":""IDLE"",""faults"":0}"
2026-06-30T17:24:41.259101,"{""temp"":27.6,""humidity"":49.9,""pressure"":1016.6,""state"":""IDLE"",""faults"":0}"
2026-06-30T17:24:42.278268,"{""temp"":27.6,""humidity"":49.9,""pressure"":1016.6,""state"":""IDLE"",""faults"":0}"
2026-06-30T17:24:43.270226,"{""temp"":27.6,""humidity"":49.9,""pressure"":1016.5,""state"":""IDLE"",""faults"":0}"
2026-06-30T17:24:44.276869,"{""temp"":27.6,""humidity"":49.9,""pressure"":1016.6,""state"":""IDLE"",""faults"":0}"
2026-06-30T17:24:45.269957,"{""temp"":27.6,""humidity"":49.9,""pressure"":1016.6,""state"":""IDLE"",""faults"":0}"
2026-06-30T17:24:46.262332,"{""temp"":27.6,""humidity"":49.9,""pressure"":1016.6,""state"":""IDLE"",""faults"":0}"
2026-06-30T17:24:47.275498,"{""temp"":27.6,""humidity"":49.9,""pressure"":1016.6,""state"":""IDLE"",""faults"":0}"
2026-06-30T17:24:48.280250,"{""temp"":27.6,""humidity"":49.9,""pressure"":1016.6,""state"":""IDLE"",""faults"":0}"
2026-06-30T17:24:49.400356,"{""temp"":27.6,""humidity"":49.9,""pressure"":1016.6,""state"":""IDLE"",""faults"":0}"
2026-06-30T17:24:50.280507,"{""temp"":27.6,""humidity"":49.9,""pressure"":1016.6,""state"":""IDLE"",""faults"":0}"
2026-06-30T17:24:51.281592,"{""temp"":27.6,""humidity"":49.9,""pressure"":1016.6,""state"":""IDLE"",""faults"":0}"
2026-06-30T17:24:52.280048,"{""temp"":27.6,""humidity"":49.9,""pressure"":1016.6,""state"":""IDLE"",""faults"":0}"
2026-06-30T17:24:53.280219,"{""temp"":27.6,""humidity"":49.9,""pressure"":1016.6,""state"":""IDLE"",""faults"":0}"
2026-06-30T17:24:54.289620,"{""temp"":27.6,""humidity"":49.9,""pressure"":1016.6,""state"":""IDLE"",""faults"":0}"
2026-06-30T17:24:55.280424,"{""temp"":27.6,""humidity"":49.9,""pressure"":1016.6,""state"":""IDLE"",""faults"":0}"
2026-06-30T17:24:56.281848,"{""temp"":27.6,""humidity"":49.9,""pressure"":1016.6,""state"":""IDLE"",""faults"":0}"
2026-06-30T17:24:57.280334,"{""temp"":27.6,""humidity"":49.9,""pressure"":1016.6,""state"":""IDLE"",""faults"":0}"
2026-06-30T17:24:58.280479,"{""temp"":27.6,""humidity"":49.9,""pressure"":1016.5,""state"":""IDLE"",""faults"":0}"
2026-06-30T17:24:59.280570,"{""temp"":27.6,""humidity"":49.9,""pressure"":1016.6,""state"":""IDLE"",""faults"":0}"
2026-06-30T17:25:00.280408,"{""temp"":27.6,""humidity"":49.9,""pressure"":1016.6,""state"":""IDLE"",""faults"":0}"
2026-06-30T17:25:01.280163,"{""temp"":27.6,""humidity"":49.9,""pressure"":1016.6,""state"":""IDLE"",""faults"":0}"
2026-06-30T17:25:02.281783,"{""temp"":27.6,""humidity"":49.9,""pressure"":1016.6,""state"":""IDLE"",""faults"":0}"
2026-06-30T17:25:03.280553,"{""temp"":27.6,""humidity"":49.9,""pressure"":1016.6,""state"":""IDLE"",""faults"":0}"
2026-06-30T17:25:04.281238,"{""temp"":27.6,""humidity"":49.8,""pressure"":1016.6,""state"":""IDLE"",""faults"":0}"
2026-06-30T17:25:05.280293,"{""temp"":27.6,""humidity"":49.8,""pressure"":1016.6,""state"":""IDLE"",""faults"":0}"
2026-06-30T17:25:06.280197,"{""temp"":27.6,""humidity"":49.8,""pressure"":1016.6,""state"":""IDLE"",""faults"":0}"
2026-06-30T17:25:07.280201,"{""temp"":27.6,""humidity"":49.8,""pressure"":1016.5,""state"":""IDLE"",""faults"":0}"
2026-06-30T17:25:08.281087,"{""temp"":27.6,""humidity"":49.8,""pressure"":1016.7,""state"":""IDLE"",""faults"":0}"
2026-06-30T17:25:09.280246,"{""temp"":27.6,""humidity"":49.8,""pressure"":1016.6,""state"":""IDLE"",""faults"":0}"
2026-06-30T17:25:10.295619,"{""temp"":27.6,""humidity"":49.8,""pressure"":1016.6,""state"":""IDLE"",""faults"":0}"
2026-06-30T17:25:11.280211,"{""temp"":27.7,""humidity"":49.8,""pressure"":1016.6,""state"":""IDLE"",""faults"":0}"
2026-06-30T17:25:12.272492,"{""temp"":27.7,""humidity"":49.8,""pressure"":1016.6,""state"":""IDLE"",""faults"":0}"
2026-06-30T17:25:13.280414,"{""temp"":27.7,""humidity"":49.8,""pressure"":1016.6,""state"":""IDLE"",""faults"":0}"
2026-06-30T17:25:14.274747,"{""temp"":27.7,""humidity"":49.8,""pressure"":1016.6,""state"":""IDLE"",""faults"":0}"
2026-06-30T17:25:15.280983,"{""temp"":27.7,""humidity"":49.8,""pressure"":1016.6,""state"":""IDLE"",""faults"":0}"
2026-06-30T17:25:16.273269,"{""temp"":27.7,""humidity"":49.8,""pressure"":1016.6,""state"":""IDLE"",""faults"":0}"
2026-06-30T17:25:17.280890,"{""temp"":27.7,""humidity"":49.8,""pressure"":1016.6,""state"":""IDLE"",""faults"":0}"
2026-06-30T17:25:18.288505,"{""temp"":27.7,""humidity"":49.8,""pressure"":1016.6,""state"":""IDLE"",""faults"":0}"
2026-06-30T17:25:19.290608,"{""temp"":27.7,""humidity"":49.8,""pressure"":1016.6,""state"":""IDLE"",""faults"":0}"
2026-06-30T17:25:20.281949,"{""temp"":27.7,""humidity"":49.8,""pressure"":1016.6,""state"":""IDLE"",""faults"":0}"
2026-06-30T17:25:21.332841,"{""temp"":27.7,""humidity"":49.8,""pressure"":1016.6,""state"":""IDLE"",""faults"":0}"
2026-06-30T17:25:22.288772,"{""temp"":27.7,""humidity"":49.8,""pressure"":1016.6,""state"":""IDLE"",""faults"":0}"
2026-06-30T17:25:23.289600,"{""temp"":27.7,""humidity"":49.8,""pressure"":1016.6,""state"":""IDLE"",""faults"":0}"
2026-06-30T17:25:24.315611,"{""temp"":27.7,""humidity"":49.8,""pressure"":1016.6,""state"":""IDLE"",""faults"":0}"
2026-06-30T17:25:25.299152,"{""temp"":27.7,""humidity"":49.8,""pressure"":1016.6,""state"":""IDLE"",""faults"":0}"
2026-06-30T17:25:26.278071,"{""temp"":27.7,""humidity"":49.8,""pressure"":1016.6,""state"":""IDLE"",""faults"":0}"
2026-06-30T17:25:27.290244,"{""temp"":27.7,""humidity"":49.8,""pressure"":1016.6,""state"":""IDLE"",""faults"":0}"
2026-06-30T17:25:28.292841,"{""temp"":27.7,""humidity"":49.8,""pressure"":1016.6,""state"":""IDLE"",""faults"":0}"
2026-06-30T17:25:29.294055,"{""temp"":27.7,""humidity"":49.8,""pressure"":1016.6,""state"":""IDLE"",""faults"":0}"
2026-06-30T17:25:30.296224,"{""temp"":27.7,""humidity"":49.8,""pressure"":1016.6,""state"":""IDLE"",""faults"":0}"
2026-06-30T17:25:31.294987,"{""temp"":27.7,""humidity"":49.8,""pressure"":1016.6,""state"":""IDLE"",""faults"":0}"
2026-06-30T17:25:32.298205,"{""temp"":27.7,""humidity"":49.8,""pressure"":1016.6,""state"":""IDLE"",""faults"":0}"
2026-06-30T17:25:33.299924,"{""temp"":27.7,""humidity"":49.8,""pressure"":1016.6,""state"":""IDLE"",""faults"":0}"
2026-06-30T17:25:34.300458,"{""temp"":27.7,""humidity"":49.8,""pressure"":1016.6,""state"":""IDLE"",""faults"":0}"
2026-06-30T17:25:35.300942,"{""temp"":27.7,""humidity"":49.8,""pressure"":1016.6,""state"":""IDLE"",""faults"":0}"
2026-06-30T17:25:36.300374,"{""temp"":27.7,""humidity"":49.8,""pressure"":1016.6,""state"":""IDLE"",""faults"":0}"
2026-06-30T17:25:37.303379,"{""temp"":27.7,""humidity"":49.8,""pressure"":1016.6,""state"":""IDLE"",""faults"":0}"
2026-06-30T17:25:38.302693,"{""temp"":27.7,""humidity"":49.8,""pressure"":1016.6,""state"":""IDLE"",""faults"":0}"
2026-06-30T17:25:39.300191,"{""temp"":27.7,""humidity"":49.8,""pressure"":1016.6,""state"":""IDLE"",""faults"":0}"
2026-06-30T17:25:40.300987,"{""temp"":27.7,""humidity"":49.8,""pressure"":1016.6,""state"":""IDLE"",""faults"":0}"
2026-06-30T17:25:41.299952,"{""temp"":27.7,""humidity"":49.8,""pressure"":1016.6,""state"":""IDLE"",""faults"":0}"
2026-06-30T17:25:42.301337,"{""temp"":27.7,""humidity"":49.8,""pressure"":1016.6,""state"":""IDLE"",""faults"":0}"
2026-06-30T17:25:43.302437,"{""temp"":27.7,""humidity"":49.8,""pressure"":1016.6,""state"":""IDLE"",""faults"":0}"
2026-06-30T17:25:44.299775,"{""temp"":27.7,""humidity"":49.8,""pressure"":1016.6,""state"":""IDLE"",""faults"":0}"
2026-06-30T17:25:45.303585,"{""temp"":27.7,""humidity"":49.8,""pressure"":1016.6,""state"":""IDLE"",""faults"":0}"
2026-06-30T17:25:46.299864,"{""temp"":27.7,""humidity"":49.8,""pressure"":1016.6,""state"":""IDLE"",""faults"":0}"
2026-06-30T17:25:47.300084,"{""temp"":27.7,""humidity"":49.8,""pressure"":1016.6,""state"":""IDLE"",""faults"":0}"
2026-06-30T17:25:48.299842,"{""temp"":27.7,""humidity"":49.8,""pressure"":1016.6,""state"":""IDLE"",""faults"":0}"
2026-06-30T17:25:49.299886,"{""temp"":27.7,""humidity"":49.8,""pressure"":1016.6,""state"":""IDLE"",""faults"":0}"
2026-06-30T17:25:50.300200,"{""temp"":27.7,""humidity"":49.8,""pressure"":1016.6,""state"":""IDLE"",""faults"":0}"
2026-06-30T17:25:51.300276,"{""temp"":27.7,""humidity"":49.8,""pressure"":1016.6,""state"":""IDLE"",""faults"":0}"
2026-06-30T17:25:52.300535,"{""temp"":27.7,""humidity"":49.8,""pressure"":1016.7,""state"":""IDLE"",""faults"":0}"
2026-06-30T17:25:53.306282,"{""temp"":27.7,""humidity"":49.8,""pressure"":1016.6,""state"":""IDLE"",""faults"":0}"
2026-06-30T17:25:54.303735,"{""temp"":27.7,""humidity"":49.8,""pressure"":1016.7,""state"":""IDLE"",""faults"":0}"
2026-06-30T17:25:55.300379,"{""temp"":27.7,""humidity"":49.8,""pressure"":1016.6,""state"":""IDLE"",""faults"":0}"
2026-06-30T17:25:56.322126,"{""temp"":27.7,""humidity"":49.8,""pressure"":1016.6,""state"":""IDLE"",""faults"":0}"
2026-06-30T17:25:57.310600,"{""temp"":27.7,""humidity"":49.8,""pressure"":1016.6,""state"":""IDLE"",""faults"":0}"
2026-06-30T17:25:58.312250,"{""temp"":27.7,""humidity"":49.8,""pressure"":1016.6,""state"":""IDLE"",""faults"":0}"
2026-06-30T17:25:59.310356,"{""temp"":27.7,""humidity"":49.8,""pressure"":1016.6,""state"":""IDLE"",""faults"":0}"
2026-06-30T17:26:00.310491,"{""temp"":27.7,""humidity"":49.8,""pressure"":1016.6,""state"":""IDLE"",""faults"":0}"
2026-06-30T17:26:01.347478,"{""temp"":27.7,""humidity"":49.8,""pressure"":1016.5,""state"":""IDLE"",""faults"":0}"
2026-06-30T17:26:02.310333,"{""temp"":27.7,""humidity"":49.8,""pressure"":1016.6,""state"":""IDLE"",""faults"":0}"
2026-06-30T17:26:03.310571,"{""temp"":27.7,""humidity"":49.8,""pressure"":1016.6,""state"":""IDLE"",""faults"":0}"
2026-06-30T17:26:04.311488,"{""temp"":27.7,""humidity"":49.8,""pressure"":1016.5,""state"":""IDLE"",""faults"":0}"
2026-06-30T17:26:05.312382,"{""temp"":27.7,""humidity"":49.8,""pressure"":1016.6,""state"":""IDLE"",""faults"":0}"
2026-06-30T17:26:06.309121,"{""temp"":27.7,""humidity"":49.8,""pressure"":1016.6,""state"":""IDLE"",""faults"":0}"
2026-06-30T17:26:07.311141,"{""temp"":27.7,""humidity"":49.8,""pressure"":1016.6,""state"":""IDLE"",""faults"":0}"
2026-06-30T17:26:08.315293,"{""temp"":27.7,""humidity"":49.8,""pressure"":1016.5,""state"":""IDLE"",""faults"":0}"
2026-06-30T17:26:09.310150,"{""temp"":27.7,""humidity"":49.8,""pressure"":1016.6,""state"":""IDLE"",""faults"":0}"
2026-06-30T17:26:10.304714,"{""temp"":27.7,""humidity"":49.8,""pressure"":1016.6,""state"":""IDLE"",""faults"":0}"
2026-06-30T17:26:11.311771,"{""temp"":27.7,""humidity"":49.8,""pressure"":1016.6,""state"":""IDLE"",""faults"":0}"
2026-06-30T17:26:12.302636,"{""temp"":27.7,""humidity"":49.8,""pressure"":1016.5,""state"":""IDLE"",""faults"":0}"
2026-06-30T17:26:13.307094,"{""temp"":27.7,""humidity"":49.8,""pressure"":1016.6,""state"":""IDLE"",""faults"":0}"
2026-06-30T17:26:14.405815,"{""temp"":27.7,""humidity"":49.8,""pressure"":1016.6,""state"":""IDLE"",""faults"":0}"
2026-06-30T17:26:15.395212,"{""temp"":27.7,""humidity"":49.8,""pressure"":1016.6,""state"":""IDLE"",""faults"":0}"
2026-06-30T17:26:16.384388,"{""temp"":27.7,""humidity"":49.8,""pressure"":1016.6,""state"":""IDLE"",""faults"":0}"
2026-06-30T17:26:17.342710,"{""temp"":27.7,""humidity"":49.8,""pressure"":1016.6,""state"":""IDLE"",""faults"":0}"
2026-06-30T17:26:18.309299,"{""temp"":27.7,""humidity"":49.8,""pressure"":1016.6,""state"":""IDLE"",""faults"":0}"
2026-06-30T17:26:19.310282,"{""temp"":27.7,""humidity"":49.8,""pressure"":1016.6,""state"":""IDLE"",""faults"":0}"
2026-06-30T17:26:20.312390,"{""temp"":27.7,""humidity"":49.8,""pressure"":1016.6,""state"":""IDLE"",""faults"":0}"
2026-06-30T17:26:21.317131,"{""temp"":27.7,""humidity"":49.8,""pressure"":1016.5,""state"":""IDLE"",""faults"":0}"
2026-06-30T17:26:22.310644,"{""temp"":27.7,""humidity"":49.8,""pressure"":1016.5,""state"":""IDLE"",""faults"":0}"
2026-06-30T17:26:23.309516,"{""temp"":27.7,""humidity"":49.8,""pressure"":1016.5,""state"":""IDLE"",""faults"":0}"
2026-06-30T17:26:24.309928,"{""temp"":27.7,""humidity"":49.8,""pressure"":1016.5,""state"":""IDLE"",""faults"":0}"
2026-06-30T17:26:25.309813,"{""temp"":27.7,""humidity"":49.8,""pressure"":1016.5,""state"":""IDLE"",""faults"":0}"
2026-06-30T17:26:26.311353,"{""temp"":27.8,""humidity"":49.8,""pressure"":1016.5,""state"":""IDLE"",""faults"":0}"
2026-06-30T17:26:27.309549,"{""temp"":27.8,""humidity"":49.8,""pressure"":1016.6,""state"":""IDLE"",""faults"":0}"
2026-06-30T17:26:28.311391,"{""temp"":27.8,""humidity"":49.8,""pressure"":1016.5,""state"":""IDLE"",""faults"":0}"
2026-06-30T17:26:29.310562,"{""temp"":27.7,""humidity"":49.8,""pressure"":1016.5,""state"":""IDLE"",""faults"":0}"
2026-06-30T17:26:30.309534,"{""temp"":27.7,""humidity"":49.8,""pressure"":1016.6,""state"":""IDLE"",""faults"":0}"
2026-06-30T17:26:31.309809,"{""temp"":27.7,""humidity"":49.8,""pressure"":1016.5,""state"":""IDLE"",""faults"":0}"
2026-06-30T17:26:32.310013,"{""temp"":27.8,""humidity"":49.8,""pressure"":1016.5,""state"":""IDLE"",""faults"":0}"
2026-06-30T17:26:33.311568,"{""temp"":27.8,""humidity"":49.8,""pressure"":1016.5,""state"":""IDLE"",""faults"":0}"
2026-06-30T17:26:34.312450,"{""temp"":27.7,""humidity"":49.8,""pressure"":1016.5,""state"":""IDLE"",""faults"":0}"
2026-06-30T17:26:35.309960,"{""temp"":27.7,""humidity"":49.8,""pressure"":1016.6,""state"":""IDLE"",""faults"":0}"
2026-06-30T17:26:36.320034,"{""temp"":27.7,""humidity"":49.8,""pressure"":1016.5,""state"":""IDLE"",""faults"":0}"
2026-06-30T17:26:37.319737,"{""temp"":27.8,""humidity"":49.8,""pressure"":1016.5,""state"":""IDLE"",""faults"":0}"
2026-06-30T17:26:38.320050,"{""temp"":27.8,""humidity"":49.8,""pressure"":1016.6,""state"":""IDLE"",""faults"":0}"
2026-06-30T17:26:39.319733,"{""temp"":27.8,""humidity"":49.8,""pressure"":1016.5,""state"":""IDLE"",""faults"":0}"
2026-06-30T17:26:40.321498,"{""temp"":27.8,""humidity"":49.8,""pressure"":1016.5,""state"":""IDLE"",""faults"":0}"
2026-06-30T17:26:41.321105,"{""temp"":27.8,""humidity"":49.7,""pressure"":1016.5,""state"":""IDLE"",""faults"":0}"
2026-06-30T17:26:42.333921,"{""temp"":27.7,""humidity"":49.7,""pressure"":1016.6,""state"":""IDLE"",""faults"":0}"
2026-06-30T17:26:43.329894,"{""temp"":27.7,""humidity"":49.8,""pressure"":1016.6,""state"":""IDLE"",""faults"":0}"
2026-06-30T17:26:44.329681,"{""temp"":27.8,""humidity"":49.8,""pressure"":1016.6,""state"":""IDLE"",""faults"":0}"
2026-06-30T17:26:45.331021,"{""temp"":27.8,""humidity"":49.8,""pressure"":1016.6,""state"":""IDLE"",""faults"":0}"
2026-06-30T17:26:46.340085,"{""temp"":27.8,""humidity"":49.8,""pressure"":1016.6,""state"":""IDLE"",""faults"":0}"
2026-06-30T17:26:47.340512,"{""temp"":27.7,""humidity"":49.8,""pressure"":1016.5,""state"":""IDLE"",""faults"":0}"
2026-06-30T17:26:48.347408,"{""temp"":27.7,""humidity"":49.8,""pressure"":1016.6,""state"":""IDLE"",""faults"":0}"
2026-06-30T17:26:49.340213,"{""temp"":27.8,""humidity"":49.8,""pressure"":1016.6,""state"":""IDLE"",""faults"":0}"
2026-06-30T17:26:50.339302,"{""temp"":27.8,""humidity"":49.8,""pressure"":1016.5,""state"":""IDLE"",""faults"":0}"
2026-06-30T17:26:51.341199,"{""temp"":27.8,""humidity"":49.8,""pressure"":1016.5,""state"":""IDLE"",""faults"":0}"
2026-06-30T17:26:52.342153,"{""temp"":27.8,""humidity"":49.8,""pressure"":1016.5,""state"":""IDLE"",""faults"":0}"
2026-06-30T17:26:53.339058,"{""temp"":27.8,""humidity"":49.8,""pressure"":1016.5,""state"":""IDLE"",""faults"":0}"
2026-06-30T17:26:54.340133,"{""temp"":27.7,""humidity"":49.8,""pressure"":1016.5,""state"":""IDLE"",""faults"":0}"
2026-06-30T17:26:55.339737,"{""temp"":27.7,""humidity"":49.8,""pressure"":1016.6,""state"":""IDLE"",""faults"":0}"
2026-06-30T17:26:56.339776,"{""temp"":27.8,""humidity"":49.8,""pressure"":1016.5,""state"":""IDLE"",""faults"":0}"
2026-06-30T17:26:57.341061,"{""temp"":27.8,""humidity"":49.8,""pressure"":1016.5,""state"":""IDLE"",""faults"":0}"
2026-06-30T17:26:58.339901,"{""temp"":27.7,""humidity"":49.8,""pressure"":1016.5,""state"":""IDLE"",""faults"":0}"
2026-06-30T17:26:59.339288,"{""temp"":27.7,""humidity"":49.8,""pressure"":1016.6,""state"":""IDLE"",""faults"":0}"
2026-06-30T17:27:00.339885,"{""temp"":27.8,""humidity"":49.8,""pressure"":1016.6,""state"":""IDLE"",""faults"":0}"
2026-06-30T17:27:01.339193,"{""temp"":27.8,""humidity"":49.8,""pressure"":1016.6,""state"":""IDLE"",""faults"":0}"
2026-06-30T17:27:02.352360,"{""temp"":27.8,""humidity"":49.8,""pressure"":1016.6,""state"":""IDLE"",""faults"":0}"
2026-06-30T17:27:03.339798,"{""temp"":27.8,""humidity"":49.8,""pressure"":1016.6,""state"":""IDLE"",""faults"":0}"
2026-06-30T17:27:04.339475,"{""temp"":27.8,""humidity"":49.8,""pressure"":1016.6,""state"":""IDLE"",""faults"":0}"
2026-06-30T17:27:05.341655,"{""temp"":27.8,""humidity"":49.8,""pressure"":1016.6,""state"":""IDLE"",""faults"":0}"
2026-06-30T17:27:06.339697,"{""temp"":27.8,""humidity"":49.8,""pressure"":1016.6,""state"":""IDLE"",""faults"":0}"
2026-06-30T17:27:07.385128,"{""temp"":27.8,""humidity"":49.8,""pressure"":1016.6,""state"":""IDLE"",""faults"":0}"
2026-06-30T17:27:08.349263,"{""temp"":27.8,""humidity"":49.8,""pressure"":1016.6,""state"":""IDLE"",""faults"":0}"
2026-06-30T17:27:09.349273,"{""temp"":27.8,""humidity"":49.8,""pressure"":1016.6,""state"":""IDLE"",""faults"":0}"
2026-06-30T17:27:10.359452,"{""temp"":27.8,""humidity"":49.8,""pressure"":1016.6,""state"":""IDLE"",""faults"":0}"
2026-06-30T17:27:11.360279,"{""temp"":27.8,""humidity"":49.8,""pressure"":1016.6,""state"":""IDLE"",""faults"":0}"
2026-06-30T17:27:12.353561,"{""temp"":27.8,""humidity"":49.8,""pressure"":1016.5,""state"":""IDLE"",""faults"":0}"
2026-06-30T17:27:13.362199,"{""temp"":27.8,""humidity"":49.8,""pressure"":1016.6,""state"":""IDLE"",""faults"":0}"
2026-06-30T17:27:14.360221,"{""temp"":27.8,""humidity"":49.8,""pressure"":1016.5,""state"":""IDLE"",""faults"":0}"
2026-06-30T17:27:15.362440,"{""temp"":27.8,""humidity"":49.8,""pressure"":1016.6,""state"":""IDLE"",""faults"":0}"
2026-06-30T17:27:16.360211,"{""temp"":27.8,""humidity"":49.8,""pressure"":1016.5,""state"":""IDLE"",""faults"":0}"
2026-06-30T17:27:17.360420,"{""temp"":27.8,""humidity"":49.7,""pressure"":1016.6,""state"":""IDLE"",""faults"":0}"
2026-06-30T17:27:18.360605,"{""temp"":27.8,""humidity"":49.8,""pressure"":1016.6,""state"":""IDLE"",""faults"":0}"
2026-06-30T17:27:19.361589,"{""temp"":27.8,""humidity"":49.8,""pressure"":1016.5,""state"":""IDLE"",""faults"":0}"
2026-06-30T17:27:20.362729,"{""temp"":27.8,""humidity"":49.8,""pressure"":1016.5,""state"":""IDLE"",""faults"":0}"
2026-06-30T17:27:21.361310,"{""temp"":27.8,""humidity"":49.7,""pressure"":1016.5,""state"":""IDLE"",""faults"":0}"
2026-06-30T17:27:22.360132,"{""temp"":27.8,""humidity"":49.7,""pressure"":1016.5,""state"":""IDLE"",""faults"":0}"
2026-06-30T17:27:23.351656,"{""temp"":27.8,""humidity"":49.7,""pressure"":1016.5,""state"":""IDLE"",""faults"":0}"
2026-06-30T17:27:24.359584,"{""temp"":27.8,""humidity"":49.7,""pressure"":1016.5,""state"":""IDLE"",""faults"":0}"
2026-06-30T17:27:25.358757,"{""temp"":27.8,""humidity"":49.7,""pressure"":1016.5,""state"":""IDLE"",""faults"":0}"
2026-06-30T17:27:26.360352,"{""temp"":27.8,""humidity"":49.7,""pressure"":1016.5,""state"":""IDLE"",""faults"":0}"
2026-06-30T17:27:27.362005,"{""temp"":27.8,""humidity"":49.7,""pressure"":1016.5,""state"":""IDLE"",""faults"":0}"
2026-06-30T17:27:28.361185,"{""temp"":27.8,""humidity"":49.7,""pressure"":1016.5,""state"":""IDLE"",""faults"":0}"
2026-06-30T17:27:29.360361,"{""temp"":27.8,""humidity"":49.7,""pressure"":1016.5,""state"":""IDLE"",""faults"":0}"
2026-06-30T17:27:30.359820,"{""temp"":27.8,""humidity"":49.7,""pressure"":1016.6,""state"":""IDLE"",""faults"":0}"
2026-06-30T17:27:31.398147,"{""temp"":27.8,""humidity"":49.7,""pressure"":1016.5,""state"":""IDLE"",""faults"":0}"
2026-06-30T17:27:32.361240,"{""temp"":27.8,""humidity"":49.7,""pressure"":1016.6,""state"":""IDLE"",""faults"":0}"
2026-06-30T17:27:33.374287,"{""temp"":27.8,""humidity"":49.7,""pressure"":1016.6,""state"":""IDLE"",""faults"":0}"
2026-06-30T17:27:34.379694,"{""temp"":27.8,""humidity"":49.7,""pressure"":1016.6,""state"":""IDLE"",""faults"":0}"
2026-06-30T17:27:35.379193,"{""temp"":27.8,""humidity"":49.7,""pressure"":1016.6,""state"":""IDLE"",""faults"":0}"
2026-06-30T17:27:36.379001,"{""temp"":27.8,""humidity"":49.7,""pressure"":1016.5,""state"":""IDLE"",""faults"":0}"
2026-06-30T17:27:37.379686,"{""temp"":27.8,""humidity"":49.7,""pressure"":1016.6,""state"":""IDLE"",""faults"":0}"
2026-06-30T17:27:38.379861,"{""temp"":27.8,""humidity"":49.7,""pressure"":1016.6,""state"":""IDLE"",""faults"":0}"
2026-06-30T17:27:39.379600,"{""temp"":27.8,""humidity"":49.7,""pressure"":1016.5,""state"":""IDLE"",""faults"":0}"
2026-06-30T17:27:40.388305,"{""temp"":27.8,""humidity"":49.7,""pressure"":1016.6,""state"":""IDLE"",""faults"":0}"
2026-06-30T17:27:41.380877,"{""temp"":27.8,""humidity"":49.7,""pressure"":1016.5,""state"":""IDLE"",""faults"":0}"
2026-06-30T17:27:42.379291,"{""temp"":27.9,""humidity"":49.7,""pressure"":1016.6,""state"":""IDLE"",""faults"":0}"
2026-06-30T17:27:43.379593,"{""temp"":27.8,""humidity"":49.7,""pressure"":1016.6,""state"":""IDLE"",""faults"":0}"
2026-06-30T17:27:44.382608,"{""temp"":27.8,""humidity"":49.7,""pressure"":1016.5,""state"":""IDLE"",""faults"":0}"
2026-06-30T17:27:45.379188,"{""temp"":27.9,""humidity"":49.7,""pressure"":1016.5,""state"":""IDLE"",""faults"":0}"
2026-06-30T17:27:46.380073,"{""temp"":27.9,""humidity"":49.7,""pressure"":1016.6,""state"":""IDLE"",""faults"":0}"
2026-06-30T17:27:47.378945,"{""temp"":27.9,""humidity"":49.7,""pressure"":1016.5,""state"":""IDLE"",""faults"":0}"
2026-06-30T17:27:48.379285,"{""temp"":27.9,""humidity"":49.6,""pressure"":1016.5,""state"":""IDLE"",""faults"":0}"
2026-06-30T17:27:49.389855,"{""temp"":27.9,""humidity"":49.6,""pressure"":1016.5,""state"":""IDLE"",""faults"":0}"
2026-06-30T17:27:50.379832,"{""temp"":27.9,""humidity"":49.6,""pressure"":1016.5,""state"":""IDLE"",""faults"":0}"
2026-06-30T17:27:51.379759,"{""temp"":27.9,""humidity"":49.6,""pressure"":1016.6,""state"":""IDLE"",""faults"":0}"
2026-06-30T17:27:52.380740,"{""temp"":27.9,""humidity"":49.6,""pressure"":1016.6,""state"":""IDLE"",""faults"":0}"
2026-06-30T17:27:53.381491,"{""temp"":27.9,""humidity"":49.6,""pressure"":1016.5,""state"":""IDLE"",""faults"":0}"
2026-06-30T17:27:54.380344,"{""temp"":27.9,""humidity"":49.6,""pressure"":1016.5,""state"":""IDLE"",""faults"":0}"
2026-06-30T17:27:55.380616,"{""temp"":27.9,""humidity"":49.6,""pressure"":1016.5,""state"":""IDLE"",""faults"":0}"
2026-06-30T17:27:56.380276,"{""temp"":27.9,""humidity"":49.6,""pressure"":1016.5,""state"":""IDLE"",""faults"":0}"
2026-06-30T17:27:57.380500,"{""temp"":27.9,""humidity"":49.6,""pressure"":1016.5,""state"":""IDLE"",""faults"":0}"
2026-06-30T17:27:58.379867,"{""temp"":27.9,""humidity"":49.6,""pressure"":1016.6,""state"":""IDLE"",""faults"":0}"
2026-06-30T17:27:59.380127,"{""temp"":27.9,""humidity"":49.5,""pressure"":1016.5,""state"":""IDLE"",""faults"":0}"
2026-06-30T17:28:00.380840,"{""temp"":27.9,""humidity"":49.5,""pressure"":1016.6,""state"":""IDLE"",""faults"":0}"
2026-06-30T17:28:01.380503,"{""temp"":27.9,""humidity"":49.5,""pressure"":1016.5,""state"":""IDLE"",""faults"":0}"
2026-06-30T17:28:02.380741,"{""temp"":27.9,""humidity"":49.5,""pressure"":1016.5,""state"":""IDLE"",""faults"":0}"
2026-06-30T17:28:03.380551,"{""temp"":27.9,""humidity"":49.5,""pressure"":1016.6,""state"":""IDLE"",""faults"":0}"
2026-06-30T17:28:04.380143,"{""temp"":27.9,""humidity"":49.5,""pressure"":1016.5,""state"":""IDLE"",""faults"":0}"
2026-06-30T17:28:05.414207,"{""temp"":27.9,""humidity"":49.5,""pressure"":1016.5,""state"":""IDLE"",""faults"":0}"
2026-06-30T17:28:06.384031,"{""temp"":27.9,""humidity"":49.5,""pressure"":1016.5,""state"":""IDLE"",""faults"":0}"
2026-06-30T17:28:07.372030,"{""temp"":27.9,""humidity"":49.5,""pressure"":1016.6,""state"":""IDLE"",""faults"":0}"
2026-06-30T17:28:08.380383,"{""temp"":27.9,""humidity"":49.5,""pressure"":1016.5,""state"":""IDLE"",""faults"":0}"
2026-06-30T17:28:09.380245,"{""temp"":27.9,""humidity"":49.5,""pressure"":1016.5,""state"":""IDLE"",""faults"":0}"
2026-06-30T17:28:10.384680,"{""temp"":27.9,""humidity"":49.5,""pressure"":1016.5,""state"":""IDLE"",""faults"":0}"
2026-06-30T17:28:11.380218,"{""temp"":27.9,""humidity"":49.5,""pressure"":1016.6,""state"":""IDLE"",""faults"":0}"
2026-06-30T17:28:12.390887,"{""temp"":27.9,""humidity"":49.5,""pressure"":1016.5,""state"":""IDLE"",""faults"":0}"
2026-06-30T17:28:13.398584,"{""temp"":27.9,""humidity"":49.5,""pressure"":1016.6,""state"":""IDLE"",""faults"":0}"
2026-06-30T17:28:14.401159,"{""temp"":27.9,""humidity"":49.5,""pressure"":1016.6,""state"":""IDLE"",""faults"":0}"
2026-06-30T17:28:15.406540,"{""temp"":27.9,""humidity"":49.5,""pressure"":1016.5,""state"":""IDLE"",""faults"":0}"
2026-06-30T17:28:16.398931,"{""temp"":27.9,""humidity"":49.5,""pressure"":1016.6,""state"":""IDLE"",""faults"":0}"
2026-06-30T17:28:17.401335,"{""temp"":27.9,""humidity"":49.5,""pressure"":1016.5,""state"":""IDLE"",""faults"":0}"
2026-06-30T17:28:18.447903,"{""temp"":27.9,""humidity"":49.5,""pressure"":1016.6,""state"":""IDLE"",""faults"":0}"
2026-06-30T17:28:19.400620,"{""temp"":27.9,""humidity"":49.5,""pressure"":1016.5,""state"":""IDLE"",""faults"":0}"
2026-06-30T17:28:20.403456,"{""temp"":27.9,""humidity"":49.5,""pressure"":1016.6,""state"":""IDLE"",""faults"":0}"
2026-06-30T17:28:21.398707,"{""temp"":27.9,""humidity"":49.5,""pressure"":1016.5,""state"":""IDLE"",""faults"":0}"
2026-06-30T17:28:22.398987,"{""temp"":27.9,""humidity"":49.5,""pressure"":1016.6,""state"":""IDLE"",""faults"":0}"
2026-06-30T17:28:23.447625,"{""temp"":27.9,""humidity"":49.5,""pressure"":1016.5,""state"":""IDLE"",""faults"":0}"
2026-06-30T17:28:24.402046,"{""temp"":27.9,""humidity"":49.5,""pressure"":1016.5,""state"":""IDLE"",""faults"":0}"
2026-06-30T17:28:25.399904,"{""temp"":27.9,""humidity"":49.5,""pressure"":1016.5,""state"":""IDLE"",""faults"":0}"
2026-06-30T17:28:26.398840,"{""temp"":27.9,""humidity"":49.5,""pressure"":1016.5,""state"":""IDLE"",""faults"":0}"
2026-06-30T17:28:27.399073,"{""temp"":27.9,""humidity"":49.5,""pressure"":1016.5,""state"":""IDLE"",""faults"":0}"
2026-06-30T17:28:28.399026,"{""temp"":27.9,""humidity"":49.5,""pressure"":1016.5,""state"":""IDLE"",""faults"":0}"
2026-06-30T17:28:29.398702,"{""temp"":27.9,""humidity"":49.5,""pressure"":1016.6,""state"":""IDLE"",""faults"":0}"
2026-06-30T17:28:30.409512,"{""temp"":27.9,""humidity"":49.5,""pressure"":1016.5,""state"":""IDLE"",""faults"":0}"
2026-06-30T17:28:31.398772,"{""temp"":27.9,""humidity"":49.5,""pressure"":1016.6,""state"":""IDLE"",""faults"":0}"
2026-06-30T17:28:32.399754,"{""temp"":27.9,""humidity"":49.5,""pressure"":1016.6,""state"":""IDLE"",""faults"":0}"
2026-06-30T17:28:33.400205,"{""temp"":27.9,""humidity"":49.5,""pressure"":1016.5,""state"":""IDLE"",""faults"":0}"
2026-06-30T17:28:34.400157,"{""temp"":27.9,""humidity"":49.5,""pressure"":1016.5,""state"":""IDLE"",""faults"":0}"
2026-06-30T17:28:35.401124,"{""temp"":27.9,""humidity"":49.5,""pressure"":1016.5,""state"":""IDLE"",""faults"":0}"
2026-06-30T17:28:36.400800,"{""temp"":27.9,""humidity"":49.5,""pressure"":1016.5,""state"":""IDLE"",""faults"":0}"
2026-06-30T17:28:37.436672,"{""temp"":27.9,""humidity"":49.5,""pressure"":1016.5,""state"":""IDLE"",""faults"":0}"
2026-06-30T17:28:39.288182,"{""temp"":27.9,""humidity"":49.5,""pressure"":1016.5,""state"":""IDLE"",""faults"":0}"
2026-06-30T17:28:39.399786,"{""temp"":27.9,""humidity"":49.5,""pressure"":1016.5,""state"":""IDLE"",""faults"":0}"
2026-06-30T17:28:40.400040,"{""temp"":27.9,""humidity"":49.5,""pressure"":1016.6,""state"":""IDLE"",""faults"":0}"
2026-06-30T17:28:41.399794,"{""temp"":27.9,""humidity"":49.5,""pressure"":1016.5,""state"":""IDLE"",""faults"":0}"
2026-06-30T17:28:42.400204,"{""temp"":27.9,""humidity"":49.4,""pressure"":1016.5,""state"":""IDLE"",""faults"":0}"
2026-06-30T17:28:43.400119,"{""temp"":27.9,""humidity"":49.4,""pressure"":1016.5,""state"":""IDLE"",""faults"":0}"
2026-06-30T17:28:44.400056,"{""temp"":27.9,""humidity"":49.4,""pressure"":1016.5,""state"":""IDLE"",""faults"":0}"
2026-06-30T17:28:45.426842,"{""temp"":27.9,""humidity"":49.4,""pressure"":1016.5,""state"":""IDLE"",""faults"":0}"
2026-06-30T17:28:46.387782,"{""temp"":27.9,""humidity"":49.4,""pressure"":1016.5,""state"":""IDLE"",""faults"":0}"
2026-06-30T17:28:47.400071,"{""temp"":27.9,""humidity"":49.4,""pressure"":1016.5,""state"":""IDLE"",""faults"":0}"
2026-06-30T17:28:49.387744,"{""temp"":27.9,""humidity"":49.4,""pressure"":1016.5,""state"":""IDLE"",""faults"":0}"
2026-06-30T17:28:49.454768,"{""temp"":27.9,""humidity"":49.4,""pressure"":1016.5,""state"":""IDLE"",""faults"":0}"
2026-06-30T17:28:50.411877,"{""temp"":27.9,""humidity"":49.4,""pressure"":1016.6,""state"":""IDLE"",""faults"":0}"
2026-06-30T17:28:51.411739,"{""temp"":27.9,""humidity"":49.4,""pressure"":1016.5,""state"":""IDLE"",""faults"":0}"
2026-06-30T17:28:52.421135,"{""temp"":27.9,""humidity"":49.5,""pressure"":1016.5,""state"":""IDLE"",""faults"":0}"
2026-06-30T17:28:53.420943,"{""temp"":27.9,""humidity"":49.4,""pressure"":1016.6,""state"":""IDLE"",""faults"":0}"
2026-06-30T17:28:54.420354,"{""temp"":27.9,""humidity"":49.4,""pressure"":1016.6,""state"":""IDLE"",""faults"":0}"
2026-06-30T17:28:55.422154,"{""temp"":28.0,""humidity"":49.4,""pressure"":1016.5,""state"":""IDLE"",""faults"":0}"
2026-06-30T17:28:56.419853,"{""temp"":28.0,""humidity"":49.4,""pressure"":1016.5,""state"":""IDLE"",""faults"":0}"
2026-06-30T17:28:57.420028,"{""temp"":28.0,""humidity"":49.4,""pressure"":1016.6,""state"":""IDLE"",""faults"":0}"
2026-06-30T17:28:58.422703,"{""temp"":28.0,""humidity"":49.4,""pressure"":1016.5,""state"":""IDLE"",""faults"":0}"
2026-06-30T17:28:59.420284,"{""temp"":28.0,""humidity"":49.4,""pressure"":1016.6,""state"":""IDLE"",""faults"":0}"
2026-06-30T17:29:00.420681,"{""temp"":27.9,""humidity"":49.4,""pressure"":1016.5,""state"":""IDLE"",""faults"":0}"
2026-06-30T17:29:01.420502,"{""temp"":28.0,""humidity"":49.4,""pressure"":1016.6,""state"":""IDLE"",""faults"":0}"
2026-06-30T17:29:02.420573,"{""temp"":28.0,""humidity"":49.4,""pressure"":1016.5,""state"":""IDLE"",""faults"":0}"
2026-06-30T17:29:03.420187,"{""temp"":28.0,""humidity"":49.4,""pressure"":1016.5,""state"":""IDLE"",""faults"":0}"
2026-06-30T17:29:04.420214,"{""temp"":28.0,""humidity"":49.4,""pressure"":1016.5,""state"":""IDLE"",""faults"":0}"
2026-06-30T17:29:05.420102,"{""temp"":28.0,""humidity"":49.4,""pressure"":1016.5,""state"":""IDLE"",""faults"":0}"
2026-06-30T17:29:06.419675,"{""temp"":28.0,""humidity"":49.4,""pressure"":1016.5,""state"":""IDLE"",""faults"":0}"
2026-06-30T17:29:07.421782,"{""temp"":28.0,""humidity"":49.4,""pressure"":1016.5,""state"":""IDLE"",""faults"":0}"
2026-06-30T17:29:08.420062,"{""temp"":28.0,""humidity"":49.4,""pressure"":1016.5,""state"":""IDLE"",""faults"":0}"
2026-06-30T17:29:09.421467,"{""temp"":28.0,""humidity"":49.4,""pressure"":1016.6,""state"":""IDLE"",""faults"":0}"
2026-06-30T17:29:10.423696,"{""temp"":28.0,""humidity"":49.4,""pressure"":1016.5,""state"":""IDLE"",""faults"":0}"
2026-06-30T17:29:11.421795,"{""temp"":28.0,""humidity"":49.4,""pressure"":1016.5,""state"":""IDLE"",""faults"":0}"
2026-06-30T17:29:12.420258,"{""temp"":28.0,""humidity"":49.4,""pressure"":1016.5,""state"":""IDLE"",""faults"":0}"
2026-06-30T17:29:13.421622,"{""temp"":28.0,""humidity"":49.4,""pressure"":1016.6,""state"":""IDLE"",""faults"":0}"
2026-06-30T17:29:14.429715,"{""temp"":28.0,""humidity"":49.4,""pressure"":1016.5,""state"":""IDLE"",""faults"":0}"
2026-06-30T17:29:15.422151,"{""temp"":28.0,""humidity"":49.4,""pressure"":1016.6,""state"":""IDLE"",""faults"":0}"
2026-06-30T17:29:16.439556,"{""temp"":28.0,""humidity"":49.4,""pressure"":1016.5,""state"":""IDLE"",""faults"":0}"
2026-06-30T17:29:17.441817,"{""temp"":28.0,""humidity"":49.4,""pressure"":1016.5,""state"":""IDLE"",""faults"":0}"
2026-06-30T17:29:18.439642,"{""temp"":28.0,""humidity"":49.4,""pressure"":1016.6,""state"":""IDLE"",""faults"":0}"
2026-06-30T17:29:19.449588,"{""temp"":28.0,""humidity"":49.4,""pressure"":1016.6,""state"":""IDLE"",""faults"":0}"
2026-06-30T17:29:20.449648,"{""temp"":28.0,""humidity"":49.4,""pressure"":1016.5,""state"":""IDLE"",""faults"":0}"
2026-06-30T17:29:21.449963,"{""temp"":28.0,""humidity"":49.4,""pressure"":1016.5,""state"":""IDLE"",""faults"":0}"
2026-06-30T17:29:22.449516,"{""temp"":28.0,""humidity"":49.4,""pressure"":1016.5,""state"":""IDLE"",""faults"":0}"
2026-06-30T17:29:23.451350,"{""temp"":28.0,""humidity"":49.4,""pressure"":1016.5,""state"":""IDLE"",""faults"":0}"
2026-06-30T17:29:24.450388,"{""temp"":28.0,""humidity"":49.4,""pressure"":1016.5,""state"":""IDLE"",""faults"":0}"
2026-06-30T17:29:25.452538,"{""temp"":28.0,""humidity"":49.4,""pressure"":1016.5,""state"":""IDLE"",""faults"":0}"
2026-06-30T17:29:26.455642,"{""temp"":28.0,""humidity"":49.4,""pressure"":1016.6,""state"":""IDLE"",""faults"":0}"
2026-06-30T17:29:27.451323,"{""temp"":28.0,""humidity"":49.4,""pressure"":1016.5,""state"":""IDLE"",""faults"":0}"
2026-06-30T17:29:28.449389,"{""temp"":28.0,""humidity"":49.4,""pressure"":1016.6,""state"":""IDLE"",""faults"":0}"
2026-06-30T17:29:29.450816,"{""temp"":28.0,""humidity"":49.4,""pressure"":1016.5,""state"":""IDLE"",""faults"":0}"
2026-06-30T17:29:30.449929,"{""temp"":28.0,""humidity"":49.4,""pressure"":1016.5,""state"":""IDLE"",""faults"":0}"
2026-06-30T17:29:31.451423,"{""temp"":28.0,""humidity"":49.4,""pressure"":1016.6,""state"":""IDLE"",""faults"":0}"
2026-06-30T17:29:32.449623,"{""temp"":28.0,""humidity"":49.4,""pressure"":1016.5,""state"":""IDLE"",""faults"":0}"
2026-06-30T17:29:33.449695,"{""temp"":28.0,""humidity"":49.4,""pressure"":1016.6,""state"":""IDLE"",""faults"":0}"
2026-06-30T17:29:34.450008,"{""temp"":28.0,""humidity"":49.4,""pressure"":1016.6,""state"":""IDLE"",""faults"":0}"
2026-06-30T17:29:35.449547,"{""temp"":28.0,""humidity"":49.4,""pressure"":1016.5,""state"":""IDLE"",""faults"":0}"
2026-06-30T17:29:36.453617,"{""temp"":28.0,""humidity"":49.4,""pressure"":1016.5,""state"":""IDLE"",""faults"":0}"
2026-06-30T17:29:37.449869,"{""temp"":28.0,""humidity"":49.4,""pressure"":1016.5,""state"":""IDLE"",""faults"":0}"
2026-06-30T17:29:38.449821,"{""temp"":28.0,""humidity"":49.4,""pressure"":1016.6,""state"":""IDLE"",""faults"":0}"
2026-06-30T17:29:39.463354,"{""temp"":28.0,""humidity"":49.4,""pressure"":1016.5,""state"":""IDLE"",""faults"":0}"
2026-06-30T17:29:40.460547,"{""temp"":28.0,""humidity"":49.4,""pressure"":1016.6,""state"":""IDLE"",""faults"":0}"
2026-06-30T17:29:41.459921,"{""temp"":28.0,""humidity"":49.4,""pressure"":1016.5,""state"":""IDLE"",""faults"":0}"
2026-06-30T17:29:42.460472,"{""temp"":28.0,""humidity"":49.4,""pressure"":1016.6,""state"":""IDLE"",""faults"":0}"
2026-06-30T17:29:43.459137,"{""temp"":28.0,""humidity"":49.4,""pressure"":1016.5,""state"":""IDLE"",""faults"":0}"
2026-06-30T17:29:44.459583,"{""temp"":28.0,""humidity"":49.4,""pressure"":1016.5,""state"":""IDLE"",""faults"":0}"
2026-06-30T17:29:45.459260,"{""temp"":28.0,""humidity"":49.4,""pressure"":1016.5,""state"":""IDLE"",""faults"":0}"
2026-06-30T17:29:46.470831,"{""temp"":28.0,""humidity"":49.4,""pressure"":1016.5,""state"":""IDLE"",""faults"":0}"
2026-06-30T17:29:47.459027,"{""temp"":28.0,""humidity"":49.4,""pressure"":1016.5,""state"":""IDLE"",""faults"":0}"
2026-06-30T17:29:48.459345,"{""temp"":28.0,""humidity"":49.4,""pressure"":1016.5,""state"":""IDLE"",""faults"":0}"
2026-06-30T17:29:49.459451,"{""temp"":28.0,""humidity"":49.4,""pressure"":1016.5,""state"":""IDLE"",""faults"":0}"
2026-06-30T17:29:50.471262,"{""temp"":28.0,""humidity"":49.4,""pressure"":1016.5,""state"":""IDLE"",""faults"":0}"
2026-06-30T17:29:51.469294,"{""temp"":28.0,""humidity"":49.4,""pressure"":1016.5,""state"":""IDLE"",""faults"":0}"
2026-06-30T17:29:52.475901,"{""temp"":28.0,""humidity"":49.4,""pressure"":1016.5,""state"":""IDLE"",""faults"":0}"
2026-06-30T17:29:53.469640,"{""temp"":28.0,""humidity"":49.4,""pressure"":1016.6,""state"":""IDLE"",""faults"":0}"
2026-06-30T17:29:54.469449,"{""temp"":28.0,""humidity"":49.4,""pressure"":1016.6,""state"":""IDLE"",""faults"":0}"
2026-06-30T17:29:55.469192,"{""temp"":28.0,""humidity"":49.4,""pressure"":1016.5,""state"":""IDLE"",""faults"":0}"
2026-06-30T17:29:56.471795,"{""temp"":28.0,""humidity"":49.4,""pressure"":1016.5,""state"":""IDLE"",""faults"":0}"
2026-06-30T17:29:57.470045,"{""temp"":28.0,""humidity"":49.4,""pressure"":1016.6,""state"":""IDLE"",""faults"":0}"
2026-06-30T17:29:58.471398,"{""temp"":28.0,""humidity"":49.4,""pressure"":1016.5,""state"":""IDLE"",""faults"":0}"
2026-06-30T17:29:59.491628,"{""temp"":28.0,""humidity"":49.4,""pressure"":1016.5,""state"":""IDLE"",""faults"":0}"
2026-06-30T17:30:00.471653,"{""temp"":28.0,""humidity"":49.4,""pressure"":1016.6,""state"":""IDLE"",""faults"":0}"
2026-06-30T17:30:01.537575,"{""temp"":27.9,""humidity"":49.4,""pressure"":1016.5,""state"":""IDLE"",""faults"":0}"
2026-06-30T17:30:02.490241,"{""temp"":28.0,""humidity"":49.4,""pressure"":1016.5,""state"":""IDLE"",""faults"":0}"
2026-06-30T17:30:03.479486,"{""temp"":28.0,""humidity"":49.4,""pressure"":1016.5,""state"":""IDLE"",""faults"":0}"
2026-06-30T17:30:04.479482,"{""temp"":28.0,""humidity"":49.4,""pressure"":1016.5,""state"":""IDLE"",""faults"":0}"
2026-06-30T17:30:05.479961,"{""temp"":27.9,""humidity"":49.4,""pressure"":1016.5,""state"":""IDLE"",""faults"":0}"
2026-06-30T17:30:06.480280,"{""temp"":28.0,""humidity"":49.4,""pressure"":1016.5,""state"":""IDLE"",""faults"":0}"
2026-06-30T17:30:07.483623,"{""temp"":27.9,""humidity"":49.4,""pressure"":1016.5,""state"":""IDLE"",""faults"":0}"
2026-06-30T17:30:08.480105,"{""temp"":27.9,""humidity"":49.4,""pressure"":1016.5,""state"":""IDLE"",""faults"":0}"
2026-06-30T17:30:09.480530,"{""temp"":27.9,""humidity"":49.4,""pressure"":1016.5,""state"":""IDLE"",""faults"":0}"
2026-06-30T17:30:10.483486,"{""temp"":27.9,""humidity"":49.4,""pressure"":1016.5,""state"":""IDLE"",""faults"":0}"
2026-06-30T17:30:11.480003,"{""temp"":27.9,""humidity"":49.4,""pressure"":1016.5,""state"":""IDLE"",""faults"":0}"
2026-06-30T17:30:12.474349,"{""temp"":27.9,""humidity"":49.5,""pressure"":1016.5,""state"":""IDLE"",""faults"":0}"
2026-06-30T17:30:13.480413,"{""temp"":27.9,""humidity"":49.5,""pressure"":1016.5,""state"":""IDLE"",""faults"":0}"
2026-06-30T17:30:14.480110,"{""temp"":27.9,""humidity"":49.5,""pressure"":1016.5,""state"":""IDLE"",""faults"":0}"
2026-06-30T17:30:15.479657,"{""temp"":27.9,""humidity"":49.5,""pressure"":1016.5,""state"":""IDLE"",""faults"":0}"
2026-06-30T17:30:16.479974,"{""temp"":27.9,""humidity"":49.5,""pressure"":1016.5,""state"":""IDLE"",""faults"":0}"
2026-06-30T17:30:17.480582,"{""temp"":27.9,""humidity"":49.5,""pressure"":1016.5,""state"":""IDLE"",""faults"":0}"
2026-06-30T17:30:18.480119,"{""temp"":27.9,""humidity"":49.5,""pressure"":1016.5,""state"":""IDLE"",""faults"":0}"
2026-06-30T17:30:19.515416,"{""temp"":27.9,""humidity"":49.5,""pressure"":1016.5,""state"":""IDLE"",""faults"":0}"
2026-06-30T17:30:20.479872,"{""temp"":27.9,""humidity"":49.4,""pressure"":1016.5,""state"":""IDLE"",""faults"":0}"
2026-06-30T17:30:21.479676,"{""temp"":27.9,""humidity"":49.5,""pressure"":1016.5,""state"":""IDLE"",""faults"":0}"
2026-06-30T17:30:22.479830,"{""temp"":27.9,""humidity"":49.5,""pressure"":1016.5,""state"":""IDLE"",""faults"":0}"
2026-06-30T17:30:23.479644,"{""temp"":27.9,""humidity"":49.5,""pressure"":1016.5,""state"":""IDLE"",""faults"":0}"
2026-06-30T17:30:24.481488,"{""temp"":27.9,""humidity"":49.4,""pressure"":1016.6,""state"":""IDLE"",""faults"":0}"
2026-06-30T17:30:25.480002,"{""temp"":27.9,""humidity"":49.5,""pressure"":1016.5,""state"":""IDLE"",""faults"":0}"
2026-06-30T17:30:26.486341,"{""temp"":27.9,""humidity"":49.5,""pressure"":1016.5,""state"":""IDLE"",""faults"":0}"
2026-06-30T17:30:27.478719,"{""temp"":27.9,""humidity"":49.5,""pressure"":1016.5,""state"":""IDLE"",""faults"":0}"
2026-06-30T17:30:28.481707,"{""temp"":27.9,""humidity"":49.5,""pressure"":1016.5,""state"":""IDLE"",""faults"":0}"
2026-06-30T17:30:29.489006,"{""temp"":27.9,""humidity"":49.5,""pressure"":1016.5,""state"":""IDLE"",""faults"":0}"
2026-06-30T17:30:30.489148,"{""temp"":27.9,""humidity"":49.5,""pressure"":1016.5,""state"":""IDLE"",""faults"":0}"
2026-06-30T17:30:31.488714,"{""temp"":27.9,""humidity"":49.5,""pressure"":1016.5,""state"":""IDLE"",""faults"":0}"
2026-06-30T17:30:32.490853,"{""temp"":27.9,""humidity"":49.5,""pressure"":1016.5,""state"":""IDLE"",""faults"":0}"
2026-06-30T17:30:33.496168,"{""temp"":27.9,""humidity"":49.5,""pressure"":1016.5,""state"":""IDLE"",""faults"":0}"
2026-06-30T17:30:34.489581,"{""temp"":27.9,""humidity"":49.5,""pressure"":1016.6,""state"":""IDLE"",""faults"":0}"
2026-06-30T17:30:35.495290,"{""temp"":27.9,""humidity"":49.5,""pressure"":1016.5,""state"":""IDLE"",""faults"":0}"
2026-06-30T17:30:36.504948,"{""temp"":27.9,""humidity"":49.5,""pressure"":1016.5,""state"":""IDLE"",""faults"":0}"
2026-06-30T17:30:37.489149,"{""temp"":27.9,""humidity"":49.5,""pressure"":1016.5,""state"":""IDLE"",""faults"":0}"
2026-06-30T17:30:38.492708,"{""temp"":27.9,""humidity"":49.5,""pressure"":1016.5,""state"":""IDLE"",""faults"":0}"
2026-06-30T17:30:39.492901,"{""temp"":27.9,""humidity"":49.5,""pressure"":1016.5,""state"":""IDLE"",""faults"":0}"
2026-06-30T17:30:40.488920,"{""temp"":27.9,""humidity"":49.5,""pressure"":1016.5,""state"":""IDLE"",""faults"":0}"
2026-06-30T17:30:41.489445,"{""temp"":27.9,""humidity"":49.5,""pressure"":1016.5,""state"":""IDLE"",""faults"":0}"
2026-06-30T17:30:42.489722,"{""temp"":27.9,""humidity"":49.5,""pressure"":1016.5,""state"":""IDLE"",""faults"":0}"
2026-06-30T17:30:43.494002,"{""temp"":27.9,""humidity"":49.5,""pressure"":1016.5,""state"":""IDLE"",""faults"":0}"
2026-06-30T17:30:44.489597,"{""temp"":27.9,""humidity"":49.6,""pressure"":1016.5,""state"":""IDLE"",""faults"":0}"
2026-06-30T17:30:45.489443,"{""temp"":27.9,""humidity"":49.6,""pressure"":1016.5,""state"":""IDLE"",""faults"":0}"
2026-06-30T17:30:46.490134,"{""temp"":27.9,""humidity"":49.6,""pressure"":1016.5,""state"":""IDLE"",""faults"":0}"
2026-06-30T17:30:47.490326,"{""temp"":27.9,""humidity"":49.6,""pressure"":1016.5,""state"":""IDLE"",""faults"":0}"
2026-06-30T17:30:48.500478,"{""temp"":28.0,""humidity"":49.6,""pressure"":1016.5,""state"":""IDLE"",""faults"":0}"
2026-06-30T17:30:49.489911,"{""temp"":28.0,""humidity"":49.6,""pressure"":1016.5,""state"":""IDLE"",""faults"":0}"
2026-06-30T17:30:50.491261,"{""temp"":27.9,""humidity"":49.6,""pressure"":1016.5,""state"":""IDLE"",""faults"":0}"
2026-06-30T17:30:51.489836,"{""temp"":27.9,""humidity"":49.6,""pressure"":1016.5,""state"":""IDLE"",""faults"":0}"
2026-06-30T17:30:52.493450,"{""temp"":27.9,""humidity"":49.6,""pressure"":1016.5,""state"":""IDLE"",""faults"":0}"
2026-06-30T17:30:53.530749,"{""temp"":27.9,""humidity"":49.6,""pressure"":1016.5,""state"":""IDLE"",""faults"":0}"
2026-06-30T17:30:54.492038,"{""temp"":27.9,""humidity"":49.6,""pressure"":1016.5,""state"":""IDLE"",""faults"":0}"
2026-06-30T17:30:55.517637,"{""temp"":27.9,""humidity"":49.6,""pressure"":1016.5,""state"":""IDLE"",""faults"":0}"
2026-06-30T17:30:56.489849,"{""temp"":27.9,""humidity"":49.6,""pressure"":1016.5,""state"":""IDLE"",""faults"":0}"
2026-06-30T17:30:57.490275,"{""temp"":28.0,""humidity"":49.6,""pressure"":1016.5,""state"":""IDLE"",""faults"":0}"
2026-06-30T17:30:58.493594,"{""temp"":27.9,""humidity"":49.6,""pressure"":1016.5,""state"":""IDLE"",""faults"":0}"
2026-06-30T17:30:59.526340,"{""temp"":27.9,""humidity"":49.5,""pressure"":1016.5,""state"":""IDLE"",""faults"":0}"
2026-06-30T17:31:00.489959,"{""temp"":27.9,""humidity"":49.5,""pressure"":1016.5,""state"":""IDLE"",""faults"":0}"
2026-06-30T17:31:01.496798,"{""temp"":28.0,""humidity"":49.5,""pressure"":1016.5,""state"":""IDLE"",""faults"":0}"
2026-06-30T17:31:02.500253,"{""temp"":27.9,""humidity"":49.5,""pressure"":1016.5,""state"":""IDLE"",""faults"":0}"
2026-06-30T17:31:03.493583,"{""temp"":27.9,""humidity"":49.5,""pressure"":1016.5,""state"":""IDLE"",""faults"":0}"
2026-06-30T17:31:04.490424,"{""temp"":27.9,""humidity"":49.5,""pressure"":1016.5,""state"":""IDLE"",""faults"":0}"
2026-06-30T17:31:05.489925,"{""temp"":27.9,""humidity"":49.5,""pressure"":1016.5,""state"":""IDLE"",""faults"":0}"
2026-06-30T17:31:06.490291,"{""temp"":27.9,""humidity"":49.5,""pressure"":1016.5,""state"":""IDLE"",""faults"":0}"
2026-06-30T17:31:07.490388,"{""temp"":27.9,""humidity"":49.6,""pressure"":1016.5,""state"":""IDLE"",""faults"":0}"
2026-06-30T17:31:08.500517,"{""temp"":27.9,""humidity"":49.5,""pressure"":1016.5,""state"":""IDLE"",""faults"":0}"
2026-06-30T17:31:09.500714,"{""temp"":27.9,""humidity"":49.6,""pressure"":1016.5,""state"":""IDLE"",""faults"":0}"
2026-06-30T17:31:10.500374,"{""temp"":27.9,""humidity"":49.6,""pressure"":1016.5,""state"":""IDLE"",""faults"":0}"
2026-06-30T17:31:11.500405,"{""temp"":27.9,""humidity"":49.6,""pressure"":1016.5,""state"":""IDLE"",""faults"":0}"
2026-06-30T17:31:12.497185,"{""temp"":27.9,""humidity"":49.5,""pressure"":1016.5,""state"":""IDLE"",""faults"":0}"
2026-06-30T17:31:13.509587,"{""temp"":27.9,""humidity"":49.5,""pressure"":1016.5,""state"":""IDLE"",""faults"":0}"
2026-06-30T17:31:14.511230,"{""temp"":27.9,""humidity"":49.6,""pressure"":1016.5,""state"":""IDLE"",""faults"":0}"
2026-06-30T17:31:15.510584,"{""temp"":27.9,""humidity"":49.6,""pressure"":1016.5,""state"":""IDLE"",""faults"":0}"
2026-06-30T17:31:16.509477,"{""temp"":27.9,""humidity"":49.5,""pressure"":1016.5,""state"":""IDLE"",""faults"":0}"
2026-06-30T17:31:17.511351,"{""temp"":28.0,""humidity"":49.5,""pressure"":1016.5,""state"":""IDLE"",""faults"":0}"
2026-06-30T17:31:18.509488,"{""temp"":27.9,""humidity"":49.5,""pressure"":1016.5,""state"":""IDLE"",""faults"":0}"
2026-06-30T17:31:19.508940,"{""temp"":27.9,""humidity"":49.5,""pressure"":1016.5,""state"":""IDLE"",""faults"":0}"
2026-06-30T17:31:20.510141,"{""temp"":27.9,""humidity"":49.5,""pressure"":1016.5,""state"":""IDLE"",""faults"":0}"
2026-06-30T17:31:21.508800,"{""temp"":27.9,""humidity"":49.5,""pressure"":1016.5,""state"":""IDLE"",""faults"":0}"
2026-06-30T17:31:22.509124,"{""temp"":27.9,""humidity"":49.5,""pressure"":1016.5,""state"":""IDLE"",""faults"":0}"
2026-06-30T17:31:23.509112,"{""temp"":27.9,""humidity"":49.5,""pressure"":1016.5,""state"":""IDLE"",""faults"":0}"
2026-06-30T17:31:24.509190,"{""temp"":27.9,""humidity"":49.5,""pressure"":1016.5,""state"":""IDLE"",""faults"":0}"
2026-06-30T17:31:25.510026,"{""temp"":27.9,""humidity"":49.5,""pressure"":1016.5,""state"":""IDLE"",""faults"":0}"
2026-06-30T17:31:26.510106,"{""temp"":27.9,""humidity"":49.5,""pressure"":1016.5,""state"":""IDLE"",""faults"":0}"
2026-06-30T17:31:27.510285,"{""temp"":27.9,""humidity"":49.5,""pressure"":1016.5,""state"":""IDLE"",""faults"":0}"
2026-06-30T17:31:28.512754,"{""temp"":27.9,""humidity"":49.5,""pressure"":1016.5,""state"":""IDLE"",""faults"":0}"
2026-06-30T17:31:29.509865,"{""temp"":27.9,""humidity"":49.5,""pressure"":1016.5,""state"":""IDLE"",""faults"":0}"
2026-06-30T17:31:30.510082,"{""temp"":27.9,""humidity"":49.5,""pressure"":1016.5,""state"":""IDLE"",""faults"":0}"
2026-06-30T17:31:31.510844,"{""temp"":27.9,""humidity"":49.5,""pressure"":1016.5,""state"":""IDLE"",""faults"":0}"
2026-06-30T17:31:32.510120,"{""temp"":27.9,""humidity"":49.5,""pressure"":1016.5,""state"":""IDLE"",""faults"":0}"
2026-06-30T17:31:33.510209,"{""temp"":27.9,""humidity"":49.5,""pressure"":1016.5,""state"":""IDLE"",""faults"":0}"
2026-06-30T17:31:34.510218,"{""temp"":27.9,""humidity"":49.5,""pressure"":1016.5,""state"":""IDLE"",""faults"":0}"
2026-06-30T17:31:35.510121,"{""temp"":27.9,""humidity"":49.5,""pressure"":1016.5,""state"":""IDLE"",""faults"":0}"
2026-06-30T17:31:36.509918,"{""temp"":28.0,""humidity"":49.5,""pressure"":1016.5,""state"":""IDLE"",""faults"":0}"
2026-06-30T17:31:37.510326,"{""temp"":28.0,""humidity"":49.5,""pressure"":1016.5,""state"":""IDLE"",""faults"":0}"
2026-06-30T17:31:38.510210,"{""temp"":28.0,""humidity"":49.5,""pressure"":1016.5,""state"":""IDLE"",""faults"":0}"
2026-06-30T17:31:39.510451,"{""temp"":28.0,""humidity"":49.5,""pressure"":1016.5,""state"":""IDLE"",""faults"":0}"
2026-06-30T17:31:40.510096,"{""temp"":28.0,""humidity"":49.5,""pressure"":1016.5,""state"":""IDLE"",""faults"":0}"
2026-06-30T17:31:41.520847,"{""temp"":28.0,""humidity"":49.5,""pressure"":1016.5,""state"":""IDLE"",""faults"":0}"
2026-06-30T17:31:42.510922,"{""temp"":28.0,""humidity"":49.5,""pressure"":1016.5,""state"":""IDLE"",""faults"":0}"
2026-06-30T17:31:43.519946,"{""temp"":28.0,""humidity"":49.5,""pressure"":1016.5,""state"":""IDLE"",""faults"":0}"
2026-06-30T17:31:44.519803,"{""temp"":28.0,""humidity"":49.5,""pressure"":1016.5,""state"":""IDLE"",""faults"":0}"
2026-06-30T17:31:45.523351,"{""temp"":28.0,""humidity"":49.5,""pressure"":1016.5,""state"":""IDLE"",""faults"":0}"
2026-06-30T17:31:46.520074,"{""temp"":28.0,""humidity"":49.5,""pressure"":1016.5,""state"":""IDLE"",""faults"":0}"
2026-06-30T17:31:47.520612,"{""temp"":28.0,""humidity"":49.5,""pressure"":1016.5,""state"":""IDLE"",""faults"":0}"
2026-06-30T17:31:48.525163,"{""temp"":28.0,""humidity"":49.5,""pressure"":1016.5,""state"":""IDLE"",""faults"":0}"
2026-06-30T17:31:49.520697,"{""temp"":28.0,""humidity"":49.5,""pressure"":1016.5,""state"":""IDLE"",""faults"":0}"
2026-06-30T17:31:50.520689,"{""temp"":28.0,""humidity"":49.5,""pressure"":1016.5,""state"":""IDLE"",""faults"":0}"
2026-06-30T17:31:51.520050,"{""temp"":28.0,""humidity"":49.5,""pressure"":1016.5,""state"":""IDLE"",""faults"":0}"
2026-06-30T17:31:52.519954,"{""temp"":28.0,""humidity"":49.5,""pressure"":1016.5,""state"":""IDLE"",""faults"":0}"
2026-06-30T17:31:53.520563,"{""temp"":28.0,""humidity"":49.4,""pressure"":1016.5,""state"":""IDLE"",""faults"":0}"
2026-06-30T17:31:54.523995,"{""temp"":28.0,""humidity"":49.4,""pressure"":1016.5,""state"":""IDLE"",""faults"":0}"
2026-06-30T17:31:55.520563,"{""temp"":28.0,""humidity"":49.4,""pressure"":1016.5,""state"":""IDLE"",""faults"":0}"
2026-06-30T17:31:56.520339,"{""temp"":28.0,""humidity"":49.5,""pressure"":1016.5,""state"":""IDLE"",""faults"":0}"
2026-06-30T17:31:57.523859,"{""temp"":28.0,""humidity"":49.5,""pressure"":1016.5,""state"":""IDLE"",""faults"":0}"
2026-06-30T17:31:58.519801,"{""temp"":28.0,""humidity"":49.5,""pressure"":1016.5,""state"":""IDLE"",""faults"":0}"
2026-06-30T17:31:59.520046,"{""temp"":28.0,""humidity"":49.5,""pressure"":1016.5,""state"":""IDLE"",""faults"":0}"
2026-06-30T17:32:00.521397,"{""temp"":28.0,""humidity"":49.5,""pressure"":1016.5,""state"":""IDLE"",""faults"":0}"
2026-06-30T17:32:01.519362,"{""temp"":28.0,""humidity"":49.5,""pressure"":1016.5,""state"":""IDLE"",""faults"":0}"
2026-06-30T17:32:02.520731,"{""temp"":28.0,""humidity"":49.5,""pressure"":1016.5,""state"":""IDLE"",""faults"":0}"
2026-06-30T17:32:03.519283,"{""temp"":28.0,""humidity"":49.4,""pressure"":1016.5,""state"":""IDLE"",""faults"":0}"
2026-06-30T17:32:04.519678,"{""temp"":28.0,""humidity"":49.4,""pressure"":1016.5,""state"":""IDLE"",""faults"":0}"
2026-06-30T17:32:05.519336,"{""temp"":28.0,""humidity"":49.4,""pressure"":1016.5,""state"":""IDLE"",""faults"":0}"
2026-06-30T17:32:06.521145,"{""temp"":28.0,""humidity"":49.4,""pressure"":1016.5,""state"":""IDLE"",""faults"":0}"
2026-06-30T17:32:07.519664,"{""temp"":28.0,""humidity"":49.4,""pressure"":1016.5,""state"":""IDLE"",""faults"":0}"
2026-06-30T17:32:08.521612,"{""temp"":28.0,""humidity"":49.4,""pressure"":1016.5,""state"":""IDLE"",""faults"":0}"
2026-06-30T17:32:09.519887,"{""temp"":28.0,""humidity"":49.4,""pressure"":1016.5,""state"":""IDLE"",""faults"":0}"
2026-06-30T17:32:10.522459,"{""temp"":28.0,""humidity"":49.4,""pressure"":1016.5,""state"":""IDLE"",""faults"":0}"
2026-06-30T17:32:12.039607,"{""temp"":28.0,""humidity"":49.4,""pressure"":1016.5,""state"":""IDLE"",""faults"":0}"
2026-06-30T17:32:12.040437,"{""temp"":28.0,""humidity"":49.4,""pressure"":1016.5,""state"":""IDLE"",""faults"":0}"
2026-06-30T17:32:12.519585,"{""temp"":28.0,""humidity"":49.4,""pressure"":1016.5,""state"":""IDLE"",""faults"":0}"
2026-06-30T17:32:13.519753,"{""temp"":28.0,""humidity"":49.4,""pressure"":1016.5,""state"":""IDLE"",""faults"":0}"
2026-06-30T17:32:14.519828,"{""temp"":28.0,""humidity"":49.4,""pressure"":1016.5,""state"":""IDLE"",""faults"":0}"
2026-06-30T17:32:15.526443,"{""temp"":28.0,""humidity"":49.4,""pressure"":1016.5,""state"":""IDLE"",""faults"":0}"
2026-06-30T17:32:16.519577,"{""temp"":28.0,""humidity"":49.4,""pressure"":1016.5,""state"":""IDLE"",""faults"":0}"
2026-06-30T17:32:17.519478,"{""temp"":28.0,""humidity"":49.4,""pressure"":1016.5,""state"":""IDLE"",""faults"":0}"
2026-06-30T17:32:18.570226,"{""temp"":28.0,""humidity"":49.4,""pressure"":1016.5,""state"":""IDLE"",""faults"":0}"
2026-06-30T17:32:19.522672,"{""temp"":28.0,""humidity"":49.4,""pressure"":1016.5,""state"":""IDLE"",""faults"":0}"
2026-06-30T17:32:20.522364,"{""temp"":28.0,""humidity"":49.4,""pressure"":1016.5,""state"":""IDLE"",""faults"":0}"
2026-06-30T17:32:21.528663,"{""temp"":28.0,""humidity"":49.4,""pressure"":1016.5,""state"":""IDLE"",""faults"":0}"
2026-06-30T17:32:22.519962,"{""temp"":28.0,""humidity"":49.4,""pressure"":1016.5,""state"":""IDLE"",""faults"":0}"
2026-06-30T17:32:23.519566,"{""temp"":28.0,""humidity"":49.4,""pressure"":1016.5,""state"":""IDLE"",""faults"":0}"
2026-06-30T17:32:24.520082,"{""temp"":28.0,""humidity"":49.4,""pressure"":1016.5,""state"":""IDLE"",""faults"":0}"
2026-06-30T17:32:25.519666,"{""temp"":28.0,""humidity"":49.4,""pressure"":1016.5,""state"":""IDLE"",""faults"":0}"
2026-06-30T17:32:26.517576,"{""temp"":28.0,""humidity"":49.4,""pressure"":1016.5,""state"":""IDLE"",""faults"":0}"
2026-06-30T17:32:27.529574,"{""temp"":28.0,""humidity"":49.4,""pressure"":1016.5,""state"":""IDLE"",""faults"":0}"
2026-06-30T17:32:28.553734,"{""temp"":28.0,""humidity"":49.4,""pressure"":1016.5,""state"":""IDLE"",""faults"":0}"
2026-06-30T17:32:29.571643,"{""temp"":28.0,""humidity"":49.4,""pressure"":1016.5,""state"":""IDLE"",""faults"":0}"
2026-06-30T17:32:30.571119,"{""temp"":28.0,""humidity"":49.4,""pressure"":1016.5,""state"":""IDLE"",""faults"":0}"
2026-06-30T17:32:31.529595,"{""temp"":28.0,""humidity"":49.4,""pressure"":1016.5,""state"":""IDLE"",""faults"":0}"
2026-06-30T17:32:32.529990,"{""temp"":28.0,""humidity"":49.4,""pressure"":1016.5,""state"":""IDLE"",""faults"":0}"
2026-06-30T17:32:33.530216,"{""temp"":28.0,""humidity"":49.4,""pressure"":1016.5,""state"":""IDLE"",""faults"":0}"
2026-06-30T17:32:34.531136,"{""temp"":28.0,""humidity"":49.4,""pressure"":1016.5,""state"":""IDLE"",""faults"":0}"
2026-06-30T17:32:35.530794,"{""temp"":28.0,""humidity"":49.4,""pressure"":1016.5,""state"":""IDLE"",""faults"":0}"
2026-06-30T17:32:36.530997,"{""temp"":28.0,""humidity"":49.4,""pressure"":1016.5,""state"":""IDLE"",""faults"":0}"
2026-06-30T17:32:37.537615,"{""temp"":28.0,""humidity"":49.4,""pressure"":1016.5,""state"":""IDLE"",""faults"":0}"
2026-06-30T17:32:39.429018,"{""temp"":28.0,""humidity"":49.4,""pressure"":1016.6,""state"":""IDLE"",""faults"":0}"
2026-06-30T17:32:39.528959,"{""temp"":28.0,""humidity"":49.4,""pressure"":1016.5,""state"":""IDLE"",""faults"":0}"
2026-06-30T17:32:40.531291,"{""temp"":28.0,""humidity"":49.3,""pressure"":1016.5,""state"":""IDLE"",""faults"":0}"
2026-06-30T17:32:41.532694,"{""temp"":28.0,""humidity"":49.3,""pressure"":1016.5,""state"":""IDLE"",""faults"":0}"
2026-06-30T17:32:42.589729,"{""temp"":28.0,""humidity"":49.4,""pressure"":1016.5,""state"":""IDLE"",""faults"":0}"
2026-06-30T17:32:43.529223,"{""temp"":28.0,""humidity"":49.4,""pressure"":1016.5,""state"":""IDLE"",""faults"":0}"
2026-06-30T17:32:44.529033,"{""temp"":28.0,""humidity"":49.4,""pressure"":1016.5,""state"":""IDLE"",""faults"":0}"
2026-06-30T17:32:45.533899,"{""temp"":28.0,""humidity"":49.4,""pressure"":1016.5,""state"":""IDLE"",""faults"":0}"
2026-06-30T17:32:46.529002,"{""temp"":28.0,""humidity"":49.4,""pressure"":1016.5,""state"":""IDLE"",""faults"":0}"
2026-06-30T17:32:47.532261,"{""temp"":28.0,""humidity"":49.4,""pressure"":1016.5,""state"":""IDLE"",""faults"":0}"
2026-06-30T17:32:48.530161,"{""temp"":28.0,""humidity"":49.4,""pressure"":1016.5,""state"":""IDLE"",""faults"":0}"
2026-06-30T17:32:49.529243,"{""temp"":28.0,""humidity"":49.4,""pressure"":1016.5,""state"":""IDLE"",""faults"":0}"
2026-06-30T17:32:50.529747,"{""temp"":28.0,""humidity"":49.4,""pressure"":1016.5,""state"":""IDLE"",""faults"":0}"
2026-06-30T17:32:51.529209,"{""temp"":28.0,""humidity"":49.3,""pressure"":1016.5,""state"":""IDLE"",""faults"":0}"
2026-06-30T17:32:52.529823,"{""temp"":28.0,""humidity"":49.3,""pressure"":1016.5,""state"":""IDLE"",""faults"":0}"
2026-06-30T17:32:53.529683,"{""temp"":28.0,""humidity"":49.3,""pressure"":1016.5,""state"":""IDLE"",""faults"":0}"
2026-06-30T17:32:54.534070,"{""temp"":28.0,""humidity"":49.4,""pressure"":1016.5,""state"":""IDLE"",""faults"":0}"
2026-06-30T17:32:55.530425,"{""temp"":28.0,""humidity"":49.3,""pressure"":1016.5,""state"":""IDLE"",""faults"":0}"
2026-06-30T17:32:56.530042,"{""temp"":28.0,""humidity"":49.4,""pressure"":1016.5,""state"":""IDLE"",""faults"":0}"
2026-06-30T17:32:57.530013,"{""temp"":28.0,""humidity"":49.3,""pressure"":1016.5,""state"":""IDLE"",""faults"":0}"
2026-06-30T17:32:58.529451,"{""temp"":28.0,""humidity"":49.3,""pressure"":1016.5,""state"":""IDLE"",""faults"":0}"
2026-06-30T17:32:59.530612,"{""temp"":28.0,""humidity"":49.3,""pressure"":1016.5,""state"":""IDLE"",""faults"":0}"
2026-06-30T17:33:00.529872,"{""temp"":28.0,""humidity"":49.3,""pressure"":1016.5,""state"":""IDLE"",""faults"":0}"
2026-06-30T17:33:01.530700,"{""temp"":28.0,""humidity"":49.4,""pressure"":1016.5,""state"":""IDLE"",""faults"":0}"
2026-06-30T17:33:02.530335,"{""temp"":28.0,""humidity"":49.5,""pressure"":1016.5,""state"":""IDLE"",""faults"":0}"
2026-06-30T17:33:03.530087,"{""temp"":28.0,""humidity"":49.5,""pressure"":1016.5,""state"":""IDLE"",""faults"":0}"
2026-06-30T17:33:04.530542,"{""temp"":28.0,""humidity"":49.5,""pressure"":1016.5,""state"":""IDLE"",""faults"":0}"
2026-06-30T17:33:05.530947,"{""temp"":28.0,""humidity"":49.5,""pressure"":1016.5,""state"":""IDLE"",""faults"":0}"
2026-06-30T17:33:06.530253,"{""temp"":28.0,""humidity"":49.5,""pressure"":1016.5,""state"":""IDLE"",""faults"":0}"
2026-06-30T17:33:07.546319,"{""temp"":28.0,""humidity"":49.5,""pressure"":1016.5,""state"":""IDLE"",""faults"":0}"
2026-06-30T17:33:08.530870,"{""temp"":28.0,""humidity"":49.5,""pressure"":1016.5,""state"":""IDLE"",""faults"":0}"
2026-06-30T17:33:09.540791,"{""temp"":28.0,""humidity"":49.6,""pressure"":1016.5,""state"":""IDLE"",""faults"":0}"
2026-06-30T17:33:10.560581,"{""temp"":28.0,""humidity"":49.6,""pressure"":1016.5,""state"":""IDLE"",""faults"":0}"
2026-06-30T17:33:11.539615,"{""temp"":28.0,""humidity"":49.6,""pressure"":1016.5,""state"":""IDLE"",""faults"":0}"
2026-06-30T17:33:12.539564,"{""temp"":28.0,""humidity"":49.7,""pressure"":1016.5,""state"":""IDLE"",""faults"":0}"
2026-06-30T17:33:13.541386,"{""temp"":28.0,""humidity"":49.7,""pressure"":1016.5,""state"":""IDLE"",""faults"":0}"
2026-06-30T17:33:14.540521,"{""temp"":28.0,""humidity"":49.7,""pressure"":1016.5,""state"":""IDLE"",""faults"":0}"
2026-06-30T17:33:15.540815,"{""temp"":28.0,""humidity"":49.7,""pressure"":1016.5,""state"":""IDLE"",""faults"":0}"
2026-06-30T17:33:16.537447,"{""temp"":28.0,""humidity"":49.8,""pressure"":1016.5,""state"":""IDLE"",""faults"":0}"
2026-06-30T17:33:17.538966,"{""temp"":28.0,""humidity"":49.8,""pressure"":1016.5,""state"":""IDLE"",""faults"":0}"
2026-06-30T17:33:18.539351,"{""temp"":28.0,""humidity"":49.8,""pressure"":1016.4,""state"":""IDLE"",""faults"":0}"
2026-06-30T17:33:19.589750,"{""temp"":28.0,""humidity"":49.9,""pressure"":1016.5,""state"":""IDLE"",""faults"":0}"
2026-06-30T17:33:20.540414,"{""temp"":28.0,""humidity"":49.9,""pressure"":1016.5,""state"":""IDLE"",""faults"":0}"
2026-06-30T17:33:21.540739,"{""temp"":28.0,""humidity"":49.9,""pressure"":1016.5,""state"":""IDLE"",""faults"":0}"
2026-06-30T17:33:22.538941,"{""temp"":28.0,""humidity"":49.8,""pressure"":1016.5,""state"":""IDLE"",""faults"":0}"
2026-06-30T17:33:23.539988,"{""temp"":28.0,""humidity"":49.8,""pressure"":1016.5,""state"":""IDLE"",""faults"":0}"
2026-06-30T17:33:24.540763,"{""temp"":28.0,""humidity"":49.8,""pressure"":1016.5,""state"":""IDLE"",""faults"":0}"
2026-06-30T17:33:25.539276,"{""temp"":28.0,""humidity"":49.8,""pressure"":1016.5,""state"":""IDLE"",""faults"":0}"
2026-06-30T17:33:26.575481,"{""temp"":28.0,""humidity"":49.8,""pressure"":1016.5,""state"":""IDLE"",""faults"":0}"
2026-06-30T17:33:27.540745,"{""temp"":28.0,""humidity"":49.8,""pressure"":1016.5,""state"":""IDLE"",""faults"":0}"
2026-06-30T17:33:28.540758,"{""temp"":28.0,""humidity"":49.9,""pressure"":1016.4,""state"":""IDLE"",""faults"":0}"
2026-06-30T17:33:29.539029,"{""temp"":28.0,""humidity"":49.8,""pressure"":1016.5,""state"":""IDLE"",""faults"":0}"
2026-06-30T17:33:30.547386,"{""temp"":28.0,""humidity"":49.8,""pressure"":1016.5,""state"":""IDLE"",""faults"":0}"
2026-06-30T17:33:31.540285,"{""temp"":28.0,""humidity"":49.8,""pressure"":1016.5,""state"":""IDLE"",""faults"":0}"
2026-06-30T17:33:32.539019,"{""temp"":28.0,""humidity"":49.7,""pressure"":1016.5,""state"":""IDLE"",""faults"":0}"
2026-06-30T17:33:33.574678,"{""temp"":28.0,""humidity"":49.7,""pressure"":1016.5,""state"":""IDLE"",""faults"":0}"
2026-06-30T17:33:34.541550,"{""temp"":28.0,""humidity"":49.7,""pressure"":1016.4,""state"":""IDLE"",""faults"":0}"
2026-06-30T17:33:35.549216,"{""temp"":28.0,""humidity"":49.7,""pressure"":1016.5,""state"":""IDLE"",""faults"":0}"
2026-06-30T17:33:36.548918,"{""temp"":28.0,""humidity"":49.7,""pressure"":1016.5,""state"":""IDLE"",""faults"":0}"
2026-06-30T17:33:37.549028,"{""temp"":28.0,""humidity"":49.8,""pressure"":1016.5,""state"":""IDLE"",""faults"":0}"
2026-06-30T17:33:38.549330,"{""temp"":28.0,""humidity"":49.8,""pressure"":1016.5,""state"":""IDLE"",""faults"":0}"
2026-06-30T17:33:39.556617,"{""temp"":28.0,""humidity"":49.7,""pressure"":1016.5,""state"":""IDLE"",""faults"":0}"
2026-06-30T17:33:40.550021,"{""temp"":28.0,""humidity"":49.7,""pressure"":1016.5,""state"":""IDLE"",""faults"":0}"
2026-06-30T17:33:41.550543,"{""temp"":28.0,""humidity"":49.8,""pressure"":1016.5,""state"":""IDLE"",""faults"":0}"
2026-06-30T17:33:42.561935,"{""temp"":28.0,""humidity"":49.9,""pressure"":1016.5,""state"":""IDLE"",""faults"":0}"
2026-06-30T17:33:43.550424,"{""temp"":28.0,""humidity"":49.9,""pressure"":1016.5,""state"":""IDLE"",""faults"":0}"
2026-06-30T17:33:44.559928,"{""temp"":28.0,""humidity"":49.8,""pressure"":1016.5,""state"":""IDLE"",""faults"":0}"
2026-06-30T17:33:45.567438,"{""temp"":28.0,""humidity"":49.8,""pressure"":1016.5,""state"":""IDLE"",""faults"":0}"
2026-06-30T17:33:46.560435,"{""temp"":28.0,""humidity"":49.7,""pressure"":1016.5,""state"":""IDLE"",""faults"":0}"
2026-06-30T17:33:47.560941,"{""temp"":28.1,""humidity"":49.7,""pressure"":1016.5,""state"":""IDLE"",""faults"":0}"
2026-06-30T17:33:48.559814,"{""temp"":28.0,""humidity"":49.7,""pressure"":1016.5,""state"":""IDLE"",""faults"":0}"
2026-06-30T17:33:49.560774,"{""temp"":28.1,""humidity"":49.7,""pressure"":1016.5,""state"":""IDLE"",""faults"":0}"
2026-06-30T17:33:50.559923,"{""temp"":28.1,""humidity"":49.7,""pressure"":1016.5,""state"":""IDLE"",""faults"":0}"
2026-06-30T17:33:51.559780,"{""temp"":28.1,""humidity"":49.7,""pressure"":1016.5,""state"":""IDLE"",""faults"":0}"
2026-06-30T17:33:52.560921,"{""temp"":28.1,""humidity"":49.7,""pressure"":1016.5,""state"":""IDLE"",""faults"":0}"
2026-06-30T17:33:53.560614,"{""temp"":28.0,""humidity"":49.7,""pressure"":1016.5,""state"":""IDLE"",""faults"":0}"
2026-06-30T17:33:54.560403,"{""temp"":28.1,""humidity"":49.7,""pressure"":1016.5,""state"":""IDLE"",""faults"":0}"
2026-06-30T17:33:55.567142,"{""temp"":28.0,""humidity"":49.7,""pressure"":1016.5,""state"":""IDLE"",""faults"":0}"
2026-06-30T17:33:56.560113,"{""temp"":28.1,""humidity"":49.7,""pressure"":1016.5,""state"":""IDLE"",""faults"":0}"
2026-06-30T17:33:57.561399,"{""temp"":28.1,""humidity"":49.7,""pressure"":1016.5,""state"":""IDLE"",""faults"":0}"
2026-06-30T17:33:58.560874,"{""temp"":28.1,""humidity"":49.6,""pressure"":1016.5,""state"":""IDLE"",""faults"":0}"
2026-06-30T17:33:59.560703,"{""temp"":28.1,""humidity"":49.6,""pressure"":1016.5,""state"":""IDLE"",""faults"":0}"
2026-06-30T17:34:00.560314,"{""temp"":28.0,""humidity"":49.6,""pressure"":1016.5,""state"":""IDLE"",""faults"":0}"
2026-06-30T17:34:01.559882,"{""temp"":28.0,""humidity"":49.6,""pressure"":1016.5,""state"":""IDLE"",""faults"":0}"
2026-06-30T17:34:02.560477,"{""temp"":28.0,""humidity"":49.6,""pressure"":1016.6,""state"":""IDLE"",""faults"":0}"
2026-06-30T17:34:03.560733,"{""temp"":28.0,""humidity"":49.6,""pressure"":1016.5,""state"":""IDLE"",""faults"":0}"
2026-06-30T17:34:04.571619,"{""temp"":28.0,""humidity"":49.5,""pressure"":1016.5,""state"":""IDLE"",""faults"":0}"
2026-06-30T17:34:05.563477,"{""temp"":28.0,""humidity"":49.5,""pressure"":1016.5,""state"":""IDLE"",""faults"":0}"
2026-06-30T17:34:06.558953,"{""temp"":28.1,""humidity"":49.5,""pressure"":1016.5,""state"":""IDLE"",""faults"":0}"
2026-06-30T17:34:07.561667,"{""temp"":28.1,""humidity"":49.5,""pressure"":1016.5,""state"":""IDLE"",""faults"":0}"
2026-06-30T17:34:08.563270,"{""temp"":28.1,""humidity"":49.5,""pressure"":1016.5,""state"":""IDLE"",""faults"":0}"
2026-06-30T17:34:09.549288,"{""temp"":28.1,""humidity"":49.5,""pressure"":1016.6,""state"":""IDLE"",""faults"":0}"
2026-06-30T17:34:10.560233,"{""temp"":28.1,""humidity"":49.4,""pressure"":1016.5,""state"":""IDLE"",""faults"":0}"
2026-06-30T17:34:11.558952,"{""temp"":28.1,""humidity"":49.5,""pressure"":1016.5,""state"":""IDLE"",""faults"":0}"
2026-06-30T17:34:12.585261,"{""temp"":28.1,""humidity"":49.5,""pressure"":1016.5,""state"":""IDLE"",""faults"":0}"
2026-06-30T17:34:13.560513,"{""temp"":28.1,""humidity"":49.4,""pressure"":1016.4,""state"":""IDLE"",""faults"":0}"
2026-06-30T17:34:14.558951,"{""temp"":28.1,""humidity"":49.4,""pressure"":1016.5,""state"":""IDLE"",""faults"":0}"
2026-06-30T17:34:15.603036,"{""temp"":28.1,""humidity"":49.4,""pressure"":1016.5,""state"":""IDLE"",""faults"":0}"
2026-06-30T17:34:16.573804,"{""temp"":28.1,""humidity"":49.5,""pressure"":1016.5,""state"":""IDLE"",""faults"":0}"
2026-06-30T17:34:43.579886,"{""temp"":28.2,""humidity"":49.2,""pressure"":1016.5,""state"":""IDLE"",""faults"":0}"
2026-06-30T17:34:44.584032,"{""temp"":28.2,""humidity"":49.2,""pressure"":1016.5,""state"":""IDLE"",""faults"":0}"
2026-06-30T17:34:45.581905,"{""temp"":28.2,""humidity"":49.2,""pressure"":1016.5,""state"":""IDLE"",""faults"":0}"
2026-06-30T17:34:46.579855,"{""temp"":28.2,""humidity"":49.2,""pressure"":1016.5,""state"":""IDLE"",""faults"":0}"
2026-06-30T17:34:47.580088,"{""temp"":28.2,""humidity"":49.2,""pressure"":1016.5,""state"":""IDLE"",""faults"":0}"
2026-06-30T17:34:48.580319,"{""temp"":28.2,""humidity"":49.2,""pressure"":1016.5,""state"":""IDLE"",""faults"":0}"
2026-06-30T17:34:49.580542,"{""temp"":28.2,""humidity"":49.2,""pressure"":1016.5,""state"":""IDLE"",""faults"":0}"
2026-06-30T17:34:50.580814,"{""temp"":28.2,""humidity"":49.2,""pressure"":1016.5,""state"":""IDLE"",""faults"":0}"
2026-06-30T17:34:51.580359,"{""temp"":28.1,""humidity"":49.2,""pressure"":1016.5,""state"":""IDLE"",""faults"":0}"
2026-06-30T17:34:52.580365,"{""temp"":28.1,""humidity"":49.2,""pressure"":1016.5,""state"":""IDLE"",""faults"":0}"
2026-06-30T17:34:53.579487,"{""temp"":28.1,""humidity"":49.3,""pressure"":1016.5,""state"":""IDLE"",""faults"":0}"
2026-06-30T17:34:54.580533,"{""temp"":28.2,""humidity"":49.3,""pressure"":1016.4,""state"":""IDLE"",""faults"":0}"
2026-06-30T17:34:55.579907,"{""temp"":28.2,""humidity"":49.3,""pressure"":1016.5,""state"":""IDLE"",""faults"":0}"
2026-06-30T17:34:56.579526,"{""temp"":28.2,""humidity"":49.3,""pressure"":1016.5,""state"":""IDLE"",""faults"":0}"
2026-06-30T17:34:57.580438,"{""temp"":28.1,""humidity"":49.2,""pressure"":1016.5,""state"":""IDLE"",""faults"":0}"
2026-06-30T17:34:58.579806,"{""temp"":28.1,""humidity"":49.2,""pressure"":1016.5,""state"":""IDLE"",""faults"":0}"
2026-06-30T17:34:59.579709,"{""temp"":28.1,""humidity"":49.2,""pressure"":1016.5,""state"":""IDLE"",""faults"":0}"
2026-06-30T17:35:00.581949,"{""temp"":28.2,""humidity"":49.2,""pressure"":1016.5,""state"":""IDLE"",""faults"":0}"
2026-06-30T17:35:01.581530,"{""temp"":28.2,""humidity"":49.2,""pressure"":1016.5,""state"":""IDLE"",""faults"":0}"
2026-06-30T17:35:02.590615,"{""temp"":28.1,""humidity"":49.2,""pressure"":1016.5,""state"":""IDLE"",""faults"":0}"
2026-06-30T17:35:03.589946,"{""temp"":28.1,""humidity"":49.3,""pressure"":1016.5,""state"":""IDLE"",""faults"":0}"
2026-06-30T17:35:04.590080,"{""temp"":28.1,""humidity"":49.3,""pressure"":1016.5,""state"":""IDLE"",""faults"":0}"
2026-06-30T17:35:05.589440,"{""temp"":28.1,""humidity"":49.3,""pressure"":1016.5,""state"":""IDLE"",""faults"":0}"
2026-06-30T17:35:06.589597,"{""temp"":28.1,""humidity"":49.3,""pressure"":1016.5,""state"":""IDLE"",""faults"":0}"
2026-06-30T17:35:07.589176,"{""temp"":28.1,""humidity"":49.3,""pressure"":1016.5,""state"":""IDLE"",""faults"":0}"
2026-06-30T17:35:08.589606,"{""temp"":28.1,""humidity"":49.3,""pressure"":1016.5,""state"":""IDLE"",""faults"":0}"
2026-06-30T17:35:09.589903,"{""temp"":28.1,""humidity"":49.3,""pressure"":1016.5,""state"":""IDLE"",""faults"":0}"
2026-06-30T17:35:10.594984,"{""temp"":28.1,""humidity"":49.3,""pressure"":1016.5,""state"":""IDLE"",""faults"":0}"
2026-06-30T17:35:11.589406,"{""temp"":28.1,""humidity"":49.3,""pressure"":1016.5,""state"":""IDLE"",""faults"":0}"
2026-06-30T17:35:12.589919,"{""temp"":28.1,""humidity"":49.3,""pressure"":1016.5,""state"":""IDLE"",""faults"":0}"
2026-06-30T17:35:13.589931,"{""temp"":28.1,""humidity"":49.3,""pressure"":1016.5,""state"":""IDLE"",""faults"":0}"
2026-06-30T17:35:14.589568,"{""temp"":28.1,""humidity"":49.3,""pressure"":1016.5,""state"":""IDLE"",""faults"":0}"
2026-06-30T17:35:15.590347,"{""temp"":28.1,""humidity"":49.3,""pressure"":1016.5,""state"":""IDLE"",""faults"":0}"
2026-06-30T17:35:16.593866,"{""temp"":28.1,""humidity"":49.3,""pressure"":1016.5,""state"":""IDLE"",""faults"":0}"
2026-06-30T17:35:17.590346,"{""temp"":28.1,""humidity"":49.2,""pressure"":1016.5,""state"":""IDLE"",""faults"":0}"
2026-06-30T17:35:18.590390,"{""temp"":28.1,""humidity"":49.2,""pressure"":1016.5,""state"":""IDLE"",""faults"":0}"
2026-06-30T17:35:19.589927,"{""temp"":28.1,""humidity"":49.3,""pressure"":1016.5,""state"":""IDLE"",""faults"":0}"
2026-06-30T17:35:20.590188,"{""temp"":28.1,""humidity"":49.3,""pressure"":1016.5,""state"":""IDLE"",""faults"":0}"
2026-06-30T17:35:21.590332,"{""temp"":28.1,""humidity"":49.2,""pressure"":1016.5,""state"":""IDLE"",""faults"":0}"
2026-06-30T17:35:22.589520,"{""temp"":28.1,""humidity"":49.2,""pressure"":1016.5,""state"":""IDLE"",""faults"":0}"
2026-06-30T17:35:23.589993,"{""temp"":28.1,""humidity"":49.2,""pressure"":1016.5,""state"":""IDLE"",""faults"":0}"
2026-06-30T17:35:24.590054,"{""temp"":28.1,""humidity"":49.2,""pressure"":1016.5,""state"":""IDLE"",""faults"":0}"
2026-06-30T17:35:25.590169,"{""temp"":28.1,""humidity"":49.2,""pressure"":1016.5,""state"":""IDLE"",""faults"":0}"
2026-06-30T17:35:26.594199,"{""temp"":28.1,""humidity"":49.2,""pressure"":1016.5,""state"":""IDLE"",""faults"":0}"
2026-06-30T17:35:27.590420,"{""temp"":28.1,""humidity"":49.2,""pressure"":1016.5,""state"":""IDLE"",""faults"":0}"
2026-06-30T17:35:28.590386,"{""temp"":28.1,""humidity"":49.2,""pressure"":1016.5,""state"":""IDLE"",""faults"":0}"
2026-06-30T17:35:29.589276,"{""temp"":28.1,""humidity"":49.2,""pressure"":1016.5,""state"":""IDLE"",""faults"":0}"
2026-06-30T17:35:30.590501,"{""temp"":28.1,""humidity"":49.2,""pressure"":1016.5,""state"":""IDLE"",""faults"":0}"
2026-06-30T17:35:31.591438,"{""temp"":28.1,""humidity"":49.2,""pressure"":1016.5,""state"":""IDLE"",""faults"":0}"
2026-06-30T17:35:32.590308,"{""temp"":28.1,""humidity"":49.2,""pressure"":1016.5,""state"":""IDLE"",""faults"":0}"
2026-06-30T17:35:33.590161,"{""temp"":28.1,""humidity"":49.2,""pressure"":1016.5,""state"":""IDLE"",""faults"":0}"
2026-06-30T17:35:34.590099,"{""temp"":28.1,""humidity"":49.3,""pressure"":1016.5,""state"":""IDLE"",""faults"":0}"
2026-06-30T17:35:35.594097,"{""temp"":28.1,""humidity"":49.3,""pressure"":1016.5,""state"":""IDLE"",""faults"":0}"
2026-06-30T17:35:36.590065,"{""temp"":28.1,""humidity"":49.3,""pressure"":1016.5,""state"":""IDLE"",""faults"":0}"
2026-06-30T17:35:37.589427,"{""temp"":28.1,""humidity"":49.3,""pressure"":1016.5,""state"":""IDLE"",""faults"":0}"
2026-06-30T17:35:38.588859,"{""temp"":28.1,""humidity"":49.2,""pressure"":1016.5,""state"":""IDLE"",""faults"":0}"
2026-06-30T17:35:39.591595,"{""temp"":28.1,""humidity"":49.2,""pressure"":1016.5,""state"":""IDLE"",""faults"":0}"
2026-06-30T17:35:40.590078,"{""temp"":28.1,""humidity"":49.2,""pressure"":1016.5,""state"":""IDLE"",""faults"":0}"
2026-06-30T17:35:41.599322,"{""temp"":28.2,""humidity"":49.2,""pressure"":1016.5,""state"":""IDLE"",""faults"":0}"
2026-06-30T17:35:42.599870,"{""temp"":28.1,""humidity"":49.2,""pressure"":1016.5,""state"":""IDLE"",""faults"":0}"
2026-06-30T17:35:43.599014,"{""temp"":28.1,""humidity"":49.1,""pressure"":1016.5,""state"":""IDLE"",""faults"":0}"
2026-06-30T17:35:44.599404,"{""temp"":28.1,""humidity"":49.1,""pressure"":1016.5,""state"":""IDLE"",""faults"":0}"
2026-06-30T17:35:45.599103,"{""temp"":28.1,""humidity"":49.1,""pressure"":1016.6,""state"":""IDLE"",""faults"":0}"
2026-06-30T17:35:46.599728,"{""temp"":28.1,""humidity"":49.1,""pressure"":1016.5,""state"":""IDLE"",""faults"":0}"
2026-06-30T17:35:47.599527,"{""temp"":28.2,""humidity"":49.1,""pressure"":1016.5,""state"":""IDLE"",""faults"":0}"
2026-06-30T17:35:48.599578,"{""temp"":28.1,""humidity"":49.1,""pressure"":1016.5,""state"":""IDLE"",""faults"":0}"
2026-06-30T17:35:49.599752,"{""temp"":28.1,""humidity"":49.2,""pressure"":1016.5,""state"":""IDLE"",""faults"":0}"
2026-06-30T17:35:50.600066,"{""temp"":28.1,""humidity"":49.1,""pressure"":1016.5,""state"":""IDLE"",""faults"":0}"
2026-06-30T17:35:51.599587,"{""temp"":28.1,""humidity"":49.1,""pressure"":1016.5,""state"":""IDLE"",""faults"":0}"
2026-06-30T17:35:52.610040,"{""temp"":28.1,""humidity"":49.2,""pressure"":1016.5,""state"":""IDLE"",""faults"":0}"
2026-06-30T17:35:53.601723,"{""temp"":28.1,""humidity"":49.2,""pressure"":1016.5,""state"":""IDLE"",""faults"":0}"
2026-06-30T17:35:54.610247,"{""temp"":28.1,""humidity"":49.2,""pressure"":1016.5,""state"":""IDLE"",""faults"":0}"
2026-06-30T17:35:55.610284,"{""temp"":28.1,""humidity"":49.2,""pressure"":1016.5,""state"":""IDLE"",""faults"":0}"
2026-06-30T17:35:56.624701,"{""temp"":28.1,""humidity"":49.2,""pressure"":1016.5,""state"":""IDLE"",""faults"":0}"
2026-06-30T17:35:57.610174,"{""temp"":28.1,""humidity"":49.2,""pressure"":1016.4,""state"":""IDLE"",""faults"":0}"
2026-06-30T17:35:58.610861,"{""temp"":28.1,""humidity"":49.2,""pressure"":1016.5,""state"":""IDLE"",""faults"":0}"
2026-06-30T17:35:59.609493,"{""temp"":28.1,""humidity"":49.2,""pressure"":1016.5,""state"":""IDLE"",""faults"":0}"
2026-06-30T17:36:00.611415,"{""temp"":28.1,""humidity"":49.2,""pressure"":1016.5,""state"":""IDLE"",""faults"":0}"
2026-06-30T17:36:01.613316,"{""temp"":28.0,""humidity"":49.2,""pressure"":1016.5,""state"":""IDLE"",""faults"":0}"
2026-06-30T17:36:02.612998,"{""temp"":28.0,""humidity"":49.2,""pressure"":1016.5,""state"":""IDLE"",""faults"":0}"
2026-06-30T17:36:03.610175,"{""temp"":28.0,""humidity"":49.2,""pressure"":1016.5,""state"":""IDLE"",""faults"":0}"
2026-06-30T17:36:04.610083,"{""temp"":28.0,""humidity"":49.2,""pressure"":1016.5,""state"":""IDLE"",""faults"":0}"
2026-06-30T17:36:05.610648,"{""temp"":28.0,""humidity"":49.3,""pressure"":1016.5,""state"":""IDLE"",""faults"":0}"
2026-06-30T17:36:06.610211,"{""temp"":28.0,""humidity"":49.3,""pressure"":1016.5,""state"":""IDLE"",""faults"":0}"
2026-06-30T17:36:07.610189,"{""temp"":28.0,""humidity"":49.3,""pressure"":1016.5,""state"":""IDLE"",""faults"":0}"
2026-06-30T17:36:08.610109,"{""temp"":28.0,""humidity"":49.3,""pressure"":1016.5,""state"":""IDLE"",""faults"":0}"
2026-06-30T17:36:09.610146,"{""temp"":28.0,""humidity"":49.3,""pressure"":1016.5,""state"":""IDLE"",""faults"":0}"
2026-06-30T17:36:10.609868,"{""temp"":28.0,""humidity"":49.2,""pressure"":1016.5,""state"":""IDLE"",""faults"":0}"
2026-06-30T17:36:11.610678,"{""temp"":28.0,""humidity"":49.3,""pressure"":1016.5,""state"":""IDLE"",""faults"":0}"
2026-06-30T17:36:12.609703,"{""temp"":28.0,""humidity"":49.3,""pressure"":1016.5,""state"":""IDLE"",""faults"":0}"
2026-06-30T17:36:13.610344,"{""temp"":28.0,""humidity"":49.3,""pressure"":1016.4,""state"":""IDLE"",""faults"":0}"
2026-06-30T17:36:14.609346,"{""temp"":28.0,""humidity"":49.3,""pressure"":1016.5,""state"":""IDLE"",""faults"":0}"
2026-06-30T17:36:15.609915,"{""temp"":28.0,""humidity"":49.3,""pressure"":1016.5,""state"":""IDLE"",""faults"":0}"
2026-06-30T17:36:16.621270,"{""temp"":28.0,""humidity"":49.3,""pressure"":1016.5,""state"":""IDLE"",""faults"":0}"
2026-06-30T17:36:17.618817,"{""temp"":28.1,""humidity"":49.3,""pressure"":1016.5,""state"":""IDLE"",""faults"":0}"
2026-06-30T17:36:18.619127,"{""temp"":28.1,""humidity"":49.3,""pressure"":1016.5,""state"":""IDLE"",""faults"":0}"
2026-06-30T17:36:19.620983,"{""temp"":28.0,""humidity"":49.3,""pressure"":1016.5,""state"":""IDLE"",""faults"":0}"
2026-06-30T17:36:20.628886,"{""temp"":28.0,""humidity"":49.3,""pressure"":1016.5,""state"":""IDLE"",""faults"":0}"
2026-06-30T17:36:21.630244,"{""temp"":28.0,""humidity"":49.3,""pressure"":1016.5,""state"":""IDLE"",""faults"":0}"
2026-06-30T17:36:22.630716,"{""temp"":28.0,""humidity"":49.3,""pressure"":1016.5,""state"":""IDLE"",""faults"":0}"
2026-06-30T17:36:23.629256,"{""temp"":28.0,""humidity"":49.3,""pressure"":1016.5,""state"":""IDLE"",""faults"":0}"
2026-06-30T17:36:24.629671,"{""temp"":28.0,""humidity"":49.3,""pressure"":1016.5,""state"":""IDLE"",""faults"":0}"
2026-06-30T17:36:25.628632,"{""temp"":28.0,""humidity"":49.3,""pressure"":1016.5,""state"":""IDLE"",""faults"":0}"
2026-06-30T17:36:26.628994,"{""temp"":28.0,""humidity"":49.3,""pressure"":1016.5,""state"":""IDLE"",""faults"":0}"
2026-06-30T17:36:27.655064,"{""temp"":28.0,""humidity"":49.3,""pressure"":1016.5,""state"":""IDLE"",""faults"":0}"
2026-06-30T17:36:29.445229,"{""temp"":28.0,""humidity"":49.3,""pressure"":1016.5,""state"":""IDLE"",""faults"":0}"
2026-06-30T17:36:29.631095,"{""temp"":28.0,""humidity"":49.3,""pressure"":1016.5,""state"":""IDLE"",""faults"":0}"
2026-06-30T17:36:30.639024,"{""temp"":28.0,""humidity"":49.3,""pressure"":1016.5,""state"":""IDLE"",""faults"":0}"
2026-06-30T17:36:31.638928,"{""temp"":28.0,""humidity"":49.3,""pressure"":1016.5,""state"":""IDLE"",""faults"":0}"
2026-06-30T17:36:32.636431,"{""temp"":28.0,""humidity"":49.3,""pressure"":1016.5,""state"":""IDLE"",""faults"":0}"
2026-06-30T17:36:33.639718,"{""temp"":28.1,""humidity"":49.3,""pressure"":1016.5,""state"":""IDLE"",""faults"":0}"
2026-06-30T17:36:34.638980,"{""temp"":28.1,""humidity"":49.3,""pressure"":1016.5,""state"":""IDLE"",""faults"":0}"
2026-06-30T17:36:35.659672,"{""temp"":28.1,""humidity"":49.3,""pressure"":1016.5,""state"":""IDLE"",""faults"":0}"
2026-06-30T17:36:36.639701,"{""temp"":28.1,""humidity"":49.2,""pressure"":1016.5,""state"":""IDLE"",""faults"":0}"
2026-06-30T17:36:37.640388,"{""temp"":28.1,""humidity"":49.2,""pressure"":1016.5,""state"":""IDLE"",""faults"":0}"
2026-06-30T17:36:38.640062,"{""temp"":28.1,""humidity"":49.2,""pressure"":1016.5,""state"":""IDLE"",""faults"":0}"
2026-06-30T17:36:39.640640,"{""temp"":28.1,""humidity"":49.3,""pressure"":1016.5,""state"":""IDLE"",""faults"":0}"
2026-06-30T17:36:40.640135,"{""temp"":28.1,""humidity"":49.2,""pressure"":1016.5,""state"":""IDLE"",""faults"":0}"
2026-06-30T17:36:41.641807,"{""temp"":28.1,""humidity"":49.2,""pressure"":1016.4,""state"":""IDLE"",""faults"":0}"
2026-06-30T17:36:42.652229,"{""temp"":28.1,""humidity"":49.2,""pressure"":1016.5,""state"":""IDLE"",""faults"":0}"
2026-06-30T17:36:43.649801,"{""temp"":28.1,""humidity"":49.2,""pressure"":1016.5,""state"":""IDLE"",""faults"":0}"
2026-06-30T17:36:44.650206,"{""temp"":28.1,""humidity"":49.2,""pressure"":1016.5,""state"":""IDLE"",""faults"":0}"
2026-06-30T17:36:45.650006,"{""temp"":28.1,""humidity"":49.2,""pressure"":1016.5,""state"":""IDLE"",""faults"":0}"
2026-06-30T17:36:46.660957,"{""temp"":28.1,""humidity"":49.2,""pressure"":1016.5,""state"":""IDLE"",""faults"":0}"
2026-06-30T17:36:47.660987,"{""temp"":28.1,""humidity"":49.2,""pressure"":1016.5,""state"":""IDLE"",""faults"":0}"
2026-06-30T17:36:48.660057,"{""temp"":28.1,""humidity"":49.2,""pressure"":1016.5,""state"":""IDLE"",""faults"":0}"
2026-06-30T17:36:49.660580,"{""temp"":28.1,""humidity"":49.2,""pressure"":1016.4,""state"":""IDLE"",""faults"":0}"
2026-06-30T17:36:50.674007,"{""temp"":28.1,""humidity"":49.2,""pressure"":1016.5,""state"":""IDLE"",""faults"":0}"
2026-06-30T17:36:51.669999,"{""temp"":28.1,""humidity"":49.2,""pressure"":1016.5,""state"":""IDLE"",""faults"":0}"
2026-06-30T17:36:52.670081,"{""temp"":28.1,""humidity"":49.2,""pressure"":1016.5,""state"":""IDLE"",""faults"":0}"
2026-06-30T17:36:53.718801,"{""temp"":28.1,""humidity"":49.2,""pressure"":1016.5,""state"":""IDLE"",""faults"":0}"
2026-06-30T17:36:54.680088,"{""temp"":28.1,""humidity"":49.2,""pressure"":1016.5,""state"":""IDLE"",""faults"":0}"
2026-06-30T17:36:55.680910,"{""temp"":28.1,""humidity"":49.2,""pressure"":1016.5,""state"":""IDLE"",""faults"":0}"
2026-06-30T17:36:56.679917,"{""temp"":28.1,""humidity"":49.2,""pressure"":1016.4,""state"":""IDLE"",""faults"":0}"
2026-06-30T17:36:57.680263,"{""temp"":28.1,""humidity"":49.2,""pressure"":1016.5,""state"":""IDLE"",""faults"":0}"
2026-06-30T17:36:58.680302,"{""temp"":28.1,""humidity"":49.2,""pressure"":1016.4,""state"":""IDLE"",""faults"":0}"
2026-06-30T17:36:59.680309,"{""temp"":28.1,""humidity"":49.2,""pressure"":1016.5,""state"":""IDLE"",""faults"":0}"
2026-06-30T17:37:00.680274,"{""temp"":28.1,""humidity"":49.2,""pressure"":1016.4,""state"":""IDLE"",""faults"":0}"
2026-06-30T17:37:01.680714,"{""temp"":28.1,""humidity"":49.2,""pressure"":1016.4,""state"":""IDLE"",""faults"":0}"
2026-06-30T17:37:02.679997,"{""temp"":28.1,""humidity"":49.2,""pressure"":1016.5,""state"":""IDLE"",""faults"":0}"
2026-06-30T17:37:03.748782,"{""temp"":28.1,""humidity"":49.2,""pressure"":1016.4,""state"":""IDLE"",""faults"":0}"
2026-06-30T17:37:04.690330,"{""temp"":28.1,""humidity"":49.2,""pressure"":1016.5,""state"":""IDLE"",""faults"":0}"
2026-06-30T17:37:05.690979,"{""temp"":28.1,""humidity"":49.2,""pressure"":1016.5,""state"":""IDLE"",""faults"":0}"
2026-06-30T17:37:06.699978,"{""temp"":28.1,""humidity"":49.2,""pressure"":1016.5,""state"":""IDLE"",""faults"":0}"
2026-06-30T17:37:07.699993,"{""temp"":28.1,""humidity"":49.2,""pressure"":1016.5,""state"":""IDLE"",""faults"":0}"
2026-06-30T17:37:08.700016,"{""temp"":28.1,""humidity"":49.2,""pressure"":1016.5,""state"":""IDLE"",""faults"":0}"
2026-06-30T17:37:09.709138,"{""temp"":28.1,""humidity"":49.2,""pressure"":1016.5,""state"":""IDLE"",""faults"":0}"
2026-06-30T17:37:10.709922,"{""temp"":28.1,""humidity"":49.2,""pressure"":1016.5,""state"":""IDLE"",""faults"":0}"
2026-06-30T17:37:11.709411,"{""temp"":28.1,""humidity"":49.2,""pressure"":1016.5,""state"":""IDLE"",""faults"":0}"
2026-06-30T17:37:12.709769,"{""temp"":28.1,""humidity"":49.2,""pressure"":1016.5,""state"":""IDLE"",""faults"":0}"
2026-06-30T17:37:13.720905,"{""temp"":28.1,""humidity"":49.2,""pressure"":1016.5,""state"":""IDLE"",""faults"":0}"
2026-06-30T17:37:14.739718,"{""temp"":28.1,""humidity"":49.1,""pressure"":1016.5,""state"":""IDLE"",""faults"":0}"
2026-06-30T17:37:15.729979,"{""temp"":28.1,""humidity"":49.2,""pressure"":1016.5,""state"":""IDLE"",""faults"":0}"
2026-06-30T17:37:16.729466,"{""temp"":28.1,""humidity"":49.2,""pressure"":1016.5,""state"":""IDLE"",""faults"":0}"
2026-06-30T17:37:17.733481,"{""temp"":28.1,""humidity"":49.1,""pressure"":1016.5,""state"":""IDLE"",""faults"":0}"
2026-06-30T17:37:18.722757,"{""temp"":28.1,""humidity"":49.2,""pressure"":1016.4,""state"":""IDLE"",""faults"":0}"
2026-06-30T17:37:19.730270,"{""temp"":28.1,""humidity"":49.2,""pressure"":1016.4,""state"":""IDLE"",""faults"":0}"
2026-06-30T17:37:20.730388,"{""temp"":28.1,""humidity"":49.1,""pressure"":1016.4,""state"":""IDLE"",""faults"":0}"
2026-06-30T17:37:21.743902,"{""temp"":28.1,""humidity"":49.1,""pressure"":1016.4,""state"":""IDLE"",""faults"":0}"
2026-06-30T17:37:22.730840,"{""temp"":28.1,""humidity"":49.1,""pressure"":1016.4,""state"":""IDLE"",""faults"":0}"
2026-06-30T17:37:23.725666,"{""temp"":28.1,""humidity"":49.1,""pressure"":1016.4,""state"":""IDLE"",""faults"":0}"
2026-06-30T17:37:24.729695,"{""temp"":28.1,""humidity"":49.1,""pressure"":1016.4,""state"":""IDLE"",""faults"":0}"
2026-06-30T17:37:25.740080,"{""temp"":28.1,""humidity"":49.1,""pressure"":1016.4,""state"":""IDLE"",""faults"":0}"
2026-06-30T17:37:26.740043,"{""temp"":28.1,""humidity"":49.1,""pressure"":1016.4,""state"":""IDLE"",""faults"":0}"
2026-06-30T17:37:27.740138,"{""temp"":28.1,""humidity"":49.2,""pressure"":1016.3,""state"":""IDLE"",""faults"":0}"
2026-06-30T17:37:28.740452,"{""temp"":28.1,""humidity"":49.1,""pressure"":1016.3,""state"":""IDLE"",""faults"":0}"
2026-06-30T17:37:29.740824,"{""temp"":28.1,""humidity"":49.1,""pressure"":1016.4,""state"":""IDLE"",""faults"":0}"
2026-06-30T17:37:30.739974,"{""temp"":28.1,""humidity"":49.1,""pressure"":1016.3,""state"":""IDLE"",""faults"":0}"
2026-06-30T17:37:31.743418,"{""temp"":28.1,""humidity"":49.2,""pressure"":1016.3,""state"":""IDLE"",""faults"":0}"
2026-06-30T17:37:32.739627,"{""temp"":28.1,""humidity"":49.1,""pressure"":1016.3,""state"":""IDLE"",""faults"":0}"
2026-06-30T17:37:33.740745,"{""temp"":28.1,""humidity"":49.1,""pressure"":1016.3,""state"":""IDLE"",""faults"":0}"
2026-06-30T17:37:34.740327,"{""temp"":28.1,""humidity"":49.1,""pressure"":1016.3,""state"":""IDLE"",""faults"":0}"
2026-06-30T17:37:35.739865,"{""temp"":28.1,""humidity"":49.1,""pressure"":1016.3,""state"":""IDLE"",""faults"":0}"
2026-06-30T17:37:36.759785,"{""temp"":28.1,""humidity"":49.2,""pressure"":1016.3,""state"":""IDLE"",""faults"":0}"
2026-06-30T17:37:37.743118,"{""temp"":28.1,""humidity"":49.1,""pressure"":1016.3,""state"":""IDLE"",""faults"":0}"
2026-06-30T17:37:38.740123,"{""temp"":28.1,""humidity"":49.1,""pressure"":1016.4,""state"":""IDLE"",""faults"":0}"
2026-06-30T17:37:39.740495,"{""temp"":28.1,""humidity"":49.1,""pressure"":1016.3,""state"":""IDLE"",""faults"":0}"
2026-06-30T17:37:40.739935,"{""temp"":28.1,""humidity"":49.1,""pressure"":1016.4,""state"":""IDLE"",""faults"":0}"
2026-06-30T17:37:41.773414,"{""temp"":28.1,""humidity"":49.1,""pressure"":1016.3,""state"":""IDLE"",""faults"":0}"
2026-06-30T17:37:42.739806,"{""temp"":28.1,""humidity"":49.1,""pressure"":1016.3,""state"":""IDLE"",""faults"":0}"
2026-06-30T17:37:43.740820,"{""temp"":28.1,""humidity"":49.1,""pressure"":1016.3,""state"":""IDLE"",""faults"":0}"
2026-06-30T17:37:44.739967,"{""temp"":28.1,""humidity"":49.1,""pressure"":1016.3,""state"":""IDLE"",""faults"":0}"
2026-06-30T17:37:45.740069,"{""temp"":28.1,""humidity"":49.1,""pressure"":1016.4,""state"":""IDLE"",""faults"":0}"
2026-06-30T17:37:46.739841,"{""temp"":28.1,""humidity"":49.1,""pressure"":1016.3,""state"":""IDLE"",""faults"":0}"
2026-06-30T17:37:47.741171,"{""temp"":28.2,""humidity"":49.1,""pressure"":1016.4,""state"":""IDLE"",""faults"":0}"
2026-06-30T17:37:48.739896,"{""temp"":28.1,""humidity"":49.1,""pressure"":1016.4,""state"":""IDLE"",""faults"":0}"
2026-06-30T17:37:49.740007,"{""temp"":28.1,""humidity"":49.1,""pressure"":1016.3,""state"":""IDLE"",""faults"":0}"
2026-06-30T17:37:50.741343,"{""temp"":28.1,""humidity"":49.1,""pressure"":1016.3,""state"":""IDLE"",""faults"":0}"
2026-06-30T17:37:51.740478,"{""temp"":28.1,""humidity"":49.1,""pressure"":1016.4,""state"":""IDLE"",""faults"":0}"
2026-06-30T17:37:52.740413,"{""temp"":28.1,""humidity"":49.1,""pressure"":1016.3,""state"":""IDLE"",""faults"":0}"
2026-06-30T17:37:53.749929,"{""temp"":28.1,""humidity"":49.1,""pressure"":1016.4,""state"":""IDLE"",""faults"":0}"
2026-06-30T17:37:54.741538,"{""temp"":28.1,""humidity"":49.1,""pressure"":1016.4,""state"":""IDLE"",""faults"":0}"
2026-06-30T17:37:55.740063,"{""temp"":28.1,""humidity"":49.1,""pressure"":1016.3,""state"":""IDLE"",""faults"":0}"
2026-06-30T17:37:56.743493,"{""temp"":28.1,""humidity"":49.1,""pressure"":1016.4,""state"":""IDLE"",""faults"":0}"
2026-06-30T17:37:57.749961,"{""temp"":28.1,""humidity"":49.1,""pressure"":1016.3,""state"":""IDLE"",""faults"":0}"
2026-06-30T17:37:58.749621,"{""temp"":28.1,""humidity"":49.1,""pressure"":1016.4,""state"":""IDLE"",""faults"":0}"
2026-06-30T17:37:59.764169,"{""temp"":28.1,""humidity"":49.1,""pressure"":1016.4,""state"":""IDLE"",""faults"":0}"
2026-06-30T17:38:00.749545,"{""temp"":28.1,""humidity"":49.1,""pressure"":1016.4,""state"":""IDLE"",""faults"":0}"
2026-06-30T17:38:01.750101,"{""temp"":28.1,""humidity"":49.1,""pressure"":1016.4,""state"":""IDLE"",""faults"":0}"
2026-06-30T17:38:02.752353,"{""temp"":28.1,""humidity"":49.1,""pressure"":1016.4,""state"":""IDLE"",""faults"":0}"
2026-06-30T17:38:03.752594,"{""temp"":28.1,""humidity"":49.1,""pressure"":1016.4,""state"":""IDLE"",""faults"":0}"
2026-06-30T17:38:04.759382,"{""temp"":28.1,""humidity"":49.1,""pressure"":1016.4,""state"":""IDLE"",""faults"":0}"
2026-06-30T17:38:05.760344,"{""temp"":28.1,""humidity"":49.1,""pressure"":1016.4,""state"":""IDLE"",""faults"":0}"
2026-06-30T17:38:06.759473,"{""temp"":28.1,""humidity"":49.1,""pressure"":1016.4,""state"":""IDLE"",""faults"":0}"
2026-06-30T17:38:07.759712,"{""temp"":28.1,""humidity"":49.1,""pressure"":1016.4,""state"":""IDLE"",""faults"":0}"
2026-06-30T17:38:08.759391,"{""temp"":28.1,""humidity"":49.1,""pressure"":1016.4,""state"":""IDLE"",""faults"":0}"
2026-06-30T17:38:09.759816,"{""temp"":28.1,""humidity"":49.1,""pressure"":1016.4,""state"":""IDLE"",""faults"":0}"
2026-06-30T17:38:10.748555,"{""temp"":28.1,""humidity"":49.1,""pressure"":1016.4,""state"":""IDLE"",""faults"":0}"
2026-06-30T17:38:11.820793,"{""temp"":28.1,""humidity"":49.1,""pressure"":1016.5,""state"":""IDLE"",""faults"":0}"
2026-06-30T17:38:12.760666,"{""temp"":28.1,""humidity"":49.1,""pressure"":1016.4,""state"":""IDLE"",""faults"":0}"
2026-06-30T17:38:13.770442,"{""temp"":28.2,""humidity"":49.1,""pressure"":1016.5,""state"":""IDLE"",""faults"":0}"
2026-06-30T17:38:14.770755,"{""temp"":28.2,""humidity"":49.1,""pressure"":1016.5,""state"":""IDLE"",""faults"":0}"
2026-06-30T17:38:15.771567,"{""temp"":28.2,""humidity"":49.1,""pressure"":1016.5,""state"":""IDLE"",""faults"":0}"
2026-06-30T17:38:16.770586,"{""temp"":28.2,""humidity"":49.1,""pressure"":1016.4,""state"":""IDLE"",""faults"":0}"
2026-06-30T17:38:17.769760,"{""temp"":28.2,""humidity"":49.1,""pressure"":1016.5,""state"":""IDLE"",""faults"":0}"
2026-06-30T17:38:18.769746,"{""temp"":28.2,""humidity"":49.1,""pressure"":1016.5,""state"":""IDLE"",""faults"":0}"
2026-06-30T17:38:19.771102,"{""temp"":28.2,""humidity"":49.1,""pressure"":1016.5,""state"":""IDLE"",""faults"":0}"
2026-06-30T17:38:20.770278,"{""temp"":28.2,""humidity"":49.1,""pressure"":1016.5,""state"":""IDLE"",""faults"":0}"
2026-06-30T17:38:21.770484,"{""temp"":28.2,""humidity"":49.1,""pressure"":1016.5,""state"":""IDLE"",""faults"":0}"
2026-06-30T17:38:22.770699,"{""temp"":28.2,""humidity"":49.1,""pressure"":1016.5,""state"":""IDLE"",""faults"":0}"
2026-06-30T17:38:23.771164,"{""temp"":28.2,""humidity"":49.1,""pressure"":1016.5,""state"":""IDLE"",""faults"":0}"
2026-06-30T17:38:24.815626,"{""temp"":28.2,""humidity"":49.1,""pressure"":1016.5,""state"":""IDLE"",""faults"":0}"
2026-06-30T17:38:25.777492,"{""temp"":28.2,""humidity"":49.1,""pressure"":1016.5,""state"":""IDLE"",""faults"":0}"
2026-06-30T17:38:26.769627,"{""temp"":28.2,""humidity"":49.1,""pressure"":1016.5,""state"":""IDLE"",""faults"":0}"
2026-06-30T17:38:27.771453,"{""temp"":28.2,""humidity"":49.1,""pressure"":1016.5,""state"":""IDLE"",""faults"":0}"
2026-06-30T17:38:28.780569,"{""temp"":28.2,""humidity"":49.1,""pressure"":1016.5,""state"":""IDLE"",""faults"":0}"
2026-06-30T17:38:29.769827,"{""temp"":28.2,""humidity"":49.1,""pressure"":1016.5,""state"":""IDLE"",""faults"":0}"
2026-06-30T17:38:30.769848,"{""temp"":28.2,""humidity"":49.1,""pressure"":1016.5,""state"":""IDLE"",""faults"":0}"
2026-06-30T17:38:31.770009,"{""temp"":28.2,""humidity"":49.1,""pressure"":1016.5,""state"":""IDLE"",""faults"":0}"
2026-06-30T17:38:32.769630,"{""temp"":28.2,""humidity"":49.1,""pressure"":1016.5,""state"":""IDLE"",""faults"":0}"
2026-06-30T17:38:33.770948,"{""temp"":28.2,""humidity"":49.1,""pressure"":1016.5,""state"":""IDLE"",""faults"":0}"
2026-06-30T17:38:34.767937,"{""temp"":28.2,""humidity"":49.1,""pressure"":1016.5,""state"":""IDLE"",""faults"":0}"
2026-06-30T17:38:35.768799,"{""temp"":28.2,""humidity"":49.1,""pressure"":1016.5,""state"":""IDLE"",""faults"":0}"
2026-06-30T17:38:36.769806,"{""temp"":28.2,""humidity"":49.1,""pressure"":1016.5,""state"":""IDLE"",""faults"":0}"
2026-06-30T17:38:37.770169,"{""temp"":28.2,""humidity"":49.1,""pressure"":1016.5,""state"":""IDLE"",""faults"":0}"
2026-06-30T17:38:38.775256,"{""temp"":28.2,""humidity"":49.1,""pressure"":1016.5,""state"":""IDLE"",""faults"":0}"
2026-06-30T17:38:39.780666,"{""temp"":28.2,""humidity"":49.1,""pressure"":1016.5,""state"":""IDLE"",""faults"":0}"
2026-06-30T17:38:40.779507,"{""temp"":28.2,""humidity"":49.1,""pressure"":1016.5,""state"":""IDLE"",""faults"":0}"
2026-06-30T17:38:41.781401,"{""temp"":28.2,""humidity"":49.1,""pressure"":1016.5,""state"":""IDLE"",""faults"":0}"
2026-06-30T17:38:42.780814,"{""temp"":28.2,""humidity"":49.1,""pressure"":1016.5,""state"":""IDLE"",""faults"":0}"
2026-06-30T17:38:43.791165,"{""temp"":28.2,""humidity"":49.1,""pressure"":1016.5,""state"":""IDLE"",""faults"":0}"
2026-06-30T17:38:44.788981,"{""temp"":28.2,""humidity"":49.1,""pressure"":1016.5,""state"":""IDLE"",""faults"":0}"
2026-06-30T17:38:45.788993,"{""temp"":28.2,""humidity"":49.1,""pressure"":1016.5,""state"":""IDLE"",""faults"":0}"
2026-06-30T17:38:46.790801,"{""temp"":28.2,""humidity"":49.1,""pressure"":1016.5,""state"":""IDLE"",""faults"":0}"
2026-06-30T17:38:47.791847,"{""temp"":28.2,""humidity"":49.1,""pressure"":1016.5,""state"":""IDLE"",""faults"":0}"
2026-06-30T17:38:48.788915,"{""temp"":28.2,""humidity"":49.1,""pressure"":1016.5,""state"":""IDLE"",""faults"":0}"
2026-06-30T17:38:49.790717,"{""temp"":28.2,""humidity"":49.1,""pressure"":1016.5,""state"":""IDLE"",""faults"":0}"
2026-06-30T17:38:50.788970,"{""temp"":28.2,""humidity"":49.1,""pressure"":1016.6,""state"":""IDLE"",""faults"":0}"
2026-06-30T17:38:51.789287,"{""temp"":28.2,""humidity"":49.1,""pressure"":1016.5,""state"":""IDLE"",""faults"":0}"
2026-06-30T17:38:52.790709,"{""temp"":28.2,""humidity"":49.0,""pressure"":1016.5,""state"":""IDLE"",""faults"":0}"
2026-06-30T17:38:53.791332,"{""temp"":28.2,""humidity"":49.0,""pressure"":1016.6,""state"":""IDLE"",""faults"":0}"
2026-06-30T17:38:54.850928,"{""temp"":28.2,""humidity"":49.0,""pressure"":1016.5,""state"":""IDLE"",""faults"":0}"
2026-06-30T17:38:55.789897,"{""temp"":28.2,""humidity"":49.1,""pressure"":1016.5,""state"":""IDLE"",""faults"":0}"
2026-06-30T17:38:56.789867,"{""temp"":28.2,""humidity"":49.1,""pressure"":1016.5,""state"":""IDLE"",""faults"":0}"
2026-06-30T17:38:57.790394,"{""temp"":28.2,""humidity"":49.1,""pressure"":1016.5,""state"":""IDLE"",""faults"":0}"
2026-06-30T17:38:58.789982,"{""temp"":28.2,""humidity"":49.1,""pressure"":1016.5,""state"":""IDLE"",""faults"":0}"
2026-06-30T17:38:59.790061,"{""temp"":28.2,""humidity"":49.1,""pressure"":1016.5,""state"":""IDLE"",""faults"":0}"
2026-06-30T17:39:00.790901,"{""temp"":28.2,""humidity"":49.1,""pressure"":1016.5,""state"":""IDLE"",""faults"":0}"
2026-06-30T17:39:01.789984,"{""temp"":28.2,""humidity"":49.1,""pressure"":1016.5,""state"":""IDLE"",""faults"":0}"
2026-06-30T17:39:02.789955,"{""temp"":28.2,""humidity"":49.0,""pressure"":1016.5,""state"":""IDLE"",""faults"":0}"
2026-06-30T17:39:03.790055,"{""temp"":28.2,""humidity"":49.0,""pressure"":1016.5,""state"":""IDLE"",""faults"":0}"
2026-06-30T17:39:04.789988,"{""temp"":28.2,""humidity"":49.1,""pressure"":1016.5,""state"":""IDLE"",""faults"":0}"
2026-06-30T17:39:05.790975,"{""temp"":28.2,""humidity"":49.0,""pressure"":1016.5,""state"":""IDLE"",""faults"":0}"
2026-06-30T17:39:06.790050,"{""temp"":28.2,""humidity"":49.0,""pressure"":1016.5,""state"":""IDLE"",""faults"":0}"
2026-06-30T17:39:07.790849,"{""temp"":28.2,""humidity"":49.0,""pressure"":1016.5,""state"":""IDLE"",""faults"":0}"
2026-06-30T17:39:08.790147,"{""temp"":28.2,""humidity"":49.1,""pressure"":1016.5,""state"":""IDLE"",""faults"":0}"
2026-06-30T17:39:09.791925,"{""temp"":28.2,""humidity"":49.1,""pressure"":1016.5,""state"":""IDLE"",""faults"":0}"
2026-06-30T17:39:10.807168,"{""temp"":28.2,""humidity"":49.1,""pressure"":1016.5,""state"":""IDLE"",""faults"":0}"
2026-06-30T17:39:11.790054,"{""temp"":28.2,""humidity"":49.1,""pressure"":1016.5,""state"":""IDLE"",""faults"":0}"
2026-06-30T17:39:12.790115,"{""temp"":28.2,""humidity"":49.1,""pressure"":1016.5,""state"":""IDLE"",""faults"":0}"
2026-06-30T17:39:13.789307,"{""temp"":28.2,""humidity"":49.1,""pressure"":1016.5,""state"":""IDLE"",""faults"":0}"
2026-06-30T17:39:14.790122,"{""temp"":28.2,""humidity"":49.0,""pressure"":1016.5,""state"":""IDLE"",""faults"":0}"
2026-06-30T17:39:15.790545,"{""temp"":28.2,""humidity"":49.0,""pressure"":1016.5,""state"":""IDLE"",""faults"":0}"
2026-06-30T17:39:16.790063,"{""temp"":28.2,""humidity"":49.0,""pressure"":1016.5,""state"":""IDLE"",""faults"":0}"
2026-06-30T17:39:17.790935,"{""temp"":28.2,""humidity"":49.0,""pressure"":1016.5,""state"":""IDLE"",""faults"":0}"
2026-06-30T17:39:18.832399,"{""temp"":28.2,""humidity"":49.0,""pressure"":1016.5,""state"":""IDLE"",""faults"":0}"
2026-06-30T17:39:19.800217,"{""temp"":28.2,""humidity"":49.0,""pressure"":1016.5,""state"":""IDLE"",""faults"":0}"
2026-06-30T17:39:20.801369,"{""temp"":28.2,""humidity"":49.0,""pressure"":1016.5,""state"":""IDLE"",""faults"":0}"
2026-06-30T17:39:21.800345,"{""temp"":28.2,""humidity"":49.0,""pressure"":1016.5,""state"":""IDLE"",""faults"":0}"
2026-06-30T17:39:22.799368,"{""temp"":28.2,""humidity"":49.0,""pressure"":1016.6,""state"":""IDLE"",""faults"":0}"
2026-06-30T17:39:23.800207,"{""temp"":28.2,""humidity"":49.0,""pressure"":1016.5,""state"":""IDLE"",""faults"":0}"
2026-06-30T17:39:24.800260,"{""temp"":28.2,""humidity"":49.1,""pressure"":1016.5,""state"":""IDLE"",""faults"":0}"
2026-06-30T17:39:25.800982,"{""temp"":28.2,""humidity"":49.0,""pressure"":1016.5,""state"":""IDLE"",""faults"":0}"
2026-06-30T17:39:26.804791,"{""temp"":28.2,""humidity"":49.0,""pressure"":1016.5,""state"":""IDLE"",""faults"":0}"
2026-06-30T17:39:27.811877,"{""temp"":28.2,""humidity"":49.0,""pressure"":1016.5,""state"":""IDLE"",""faults"":0}"
2026-06-30T17:39:28.810374,"{""temp"":28.2,""humidity"":49.0,""pressure"":1016.5,""state"":""IDLE"",""faults"":0}"
2026-06-30T17:39:29.808700,"{""temp"":28.2,""humidity"":49.0,""pressure"":1016.5,""state"":""IDLE"",""faults"":0}"
2026-06-30T17:39:30.808793,"{""temp"":28.2,""humidity"":49.0,""pressure"":1016.5,""state"":""IDLE"",""faults"":0}"
2026-06-30T17:39:31.808940,"{""temp"":28.2,""humidity"":49.0,""pressure"":1016.5,""state"":""IDLE"",""faults"":0}"
2026-06-30T17:39:32.808747,"{""temp"":28.2,""humidity"":49.0,""pressure"":1016.5,""state"":""IDLE"",""faults"":0}"
2026-06-30T17:39:33.808719,"{""temp"":28.2,""humidity"":49.0,""pressure"":1016.5,""state"":""IDLE"",""faults"":0}"
2026-06-30T17:39:34.819411,"{""temp"":28.2,""humidity"":49.0,""pressure"":1016.5,""state"":""IDLE"",""faults"":0}"
2026-06-30T17:39:35.812706,"{""temp"":28.2,""humidity"":49.0,""pressure"":1016.6,""state"":""IDLE"",""faults"":0}"
2026-06-30T17:39:36.808939,"{""temp"":28.2,""humidity"":49.0,""pressure"":1016.5,""state"":""IDLE"",""faults"":0}"
2026-06-30T17:39:37.811702,"{""temp"":28.2,""humidity"":49.0,""pressure"":1016.5,""state"":""IDLE"",""faults"":0}"
2026-06-30T17:39:38.812207,"{""temp"":28.2,""humidity"":49.0,""pressure"":1016.5,""state"":""IDLE"",""faults"":0}"
2026-06-30T17:39:39.809305,"{""temp"":28.2,""humidity"":49.0,""pressure"":1016.5,""state"":""IDLE"",""faults"":0}"
2026-06-30T17:39:40.809360,"{""temp"":28.2,""humidity"":49.0,""pressure"":1016.5,""state"":""IDLE"",""faults"":0}"
2026-06-30T17:39:41.808957,"{""temp"":28.2,""humidity"":49.1,""pressure"":1016.5,""state"":""IDLE"",""faults"":0}"
2026-06-30T17:39:42.850493,"{""temp"":28.1,""humidity"":49.1,""pressure"":1016.5,""state"":""IDLE"",""faults"":0}"
2026-06-30T17:39:43.820380,"{""temp"":28.1,""humidity"":49.2,""pressure"":1016.6,""state"":""IDLE"",""faults"":0}"
2026-06-30T17:39:44.810018,"{""temp"":28.2,""humidity"":49.2,""pressure"":1016.6,""state"":""IDLE"",""faults"":0}"
2026-06-30T17:39:45.801784,"{""temp"":28.2,""humidity"":49.2,""pressure"":1016.5,""state"":""IDLE"",""faults"":0}"
2026-06-30T17:39:46.810613,"{""temp"":28.2,""humidity"":49.2,""pressure"":1016.6,""state"":""IDLE"",""faults"":0}"
2026-06-30T17:39:47.811587,"{""temp"":28.2,""humidity"":49.2,""pressure"":1016.5,""state"":""IDLE"",""faults"":0}"
2026-06-30T17:39:48.811573,"{""temp"":28.2,""humidity"":49.3,""pressure"":1016.6,""state"":""IDLE"",""faults"":0}"
2026-06-30T17:39:49.818750,"{""temp"":28.2,""humidity"":49.3,""pressure"":1016.6,""state"":""IDLE"",""faults"":0}"
2026-06-30T17:39:50.821390,"{""temp"":28.2,""humidity"":49.3,""pressure"":1016.6,""state"":""IDLE"",""faults"":0}"
2026-06-30T17:39:51.821031,"{""temp"":28.2,""humidity"":49.3,""pressure"":1016.5,""state"":""IDLE"",""faults"":0}"
2026-06-30T17:39:52.817018,"{""temp"":28.2,""humidity"":49.3,""pressure"":1016.5,""state"":""IDLE"",""faults"":0}"
2026-06-30T17:39:53.832009,"{""temp"":28.2,""humidity"":49.3,""pressure"":1016.6,""state"":""IDLE"",""faults"":0}"
2026-06-30T17:39:54.838421,"{""temp"":28.1,""humidity"":49.3,""pressure"":1016.5,""state"":""IDLE"",""faults"":0}"
2026-06-30T17:39:55.818853,"{""temp"":28.1,""humidity"":49.3,""pressure"":1016.6,""state"":""IDLE"",""faults"":0}"
